SubNum,SubName,SubID,Longitude,Latitude,AreaName,ZoneName,BranchNum,BGNumBuses,BGMaxNominalKV,GenMWMax,BGGenMW,BGGenMVR,BGLoadMW,BGLoadMVR,BGShuntMW,BGShuntMVR
1,ODESSA 2,1,-102.26,31.91,Far West,Far West Texas,4,1,115,0,,,20.78,5.89,,
2,PRESIDIO 2,2,-104.52,29.89,Far West,Far West Texas,2,1,115,0,,,15.41,4.37,,
3,O DONNELL 1,3,-101.65,32.93,Far West,Far West Texas,3,2,230,211,158.25,-30.38,,,,
4,BIG SPRING 5,4,-101.39,32.21,Far West,Far West Texas,3,2,115,34.3,25.73,-4.94,,,,
5,VAN HORN,5,-104.62,31.09,Far West,Far West Texas,3,1,115,0,,,7.01,1.99,0,0.09
6,IRAAN 2,6,-102.2,30.93,Far West,Far West Texas,2,2,115,82.5,61.87,-11.88,,,,
7,PRESIDIO 1,7,-104.3,29.6,Far West,Far West Texas,3,2,115,10,9.97,0,,,0,-2.32
8,SANDERSON,8,-101.97,30.03,Far West,Far West Texas,2,1,115,0,,,2.99,0.85,0,9.82
9,MONAHANS 2,9,-103.16,31.48,Far West,Far West Texas,3,1,115,0,,,29.23,8.28,,
10,GRANDFALLS,10,-103.09,31.17,Far West,Far West Texas,2,1,115,0,,,2.22,0.63,,
11,MARFA,11,-104.01,30.29,Far West,Far West Texas,2,1,115,0,,,7.51,2.13,,
12,GARDEN CITY,12,-101.5,31.76,Far West,Far West Texas,2,1,115,0,,,2.89,0.82,0,31.15
13,ODESSA 4,13,-102.41,31.73,Far West,Far West Texas,4,1,115,0,,,18.34,5.2,,
14,NOTREES,14,-102.63,31.8,Far West,Far West Texas,2,1,115,0,,,0.07,0.02,,
15,MIDLAND 4,15,-102.13,31.98,Far West,Far West Texas,5,1,115,0,,,61.78,17.5,0,144.14
16,BIG SPRING 1,16,-101.12,31.99,Far West,Far West Texas,4,2,115,199.5,149.63,-28.73,,,0,80.76
17,O DONNELL 2,17,-101.58,32.93,Far West,Far West Texas,3,2,115,180,135,-0.55,,,,
18,ODESSA 6,18,-102.63,31.97,Far West,Far West Texas,2,1,115,0,,,63.04,17.86,,
19,BIG SPRINGS,19,-101.22,32.04,Far West,Far West Texas,2,2,115,124.2,93.15,-6.13,,,,
20,MIDLAND 2,20,-102.04,32.32,Far West,Far West Texas,2,1,115,0,,,101.21,28.68,0,77.11
21,COAHOMA,21,-101.25,32.88,Far West,Far West Texas,3,1,115,0,,,10.01,2.84,,
22,MIDLAND 3,22,-102.08,31.99,Far West,Far West Texas,2,1,115,0,,,83.18,23.57,0,69.4
23,ALPINE,23,-103.22,29.8,Far West,Far West Texas,3,1,115,0,,,24.63,6.98,0,0
24,FORT DAVIS,24,-103.76,31,Far West,Far West Texas,2,1,115,0,,,9.25,2.62,,
25,MCCAMEY 1,25,-102.24,31.21,Far West,Far West Texas,5,2,230,278,208.5,-40.03,,,0,52.62
26,BIG SPRING 4,26,-101.3,31.99,Far West,Far West Texas,2,2,115,90,67.5,-9.15,,,,
27,CRANE,27,-102.6,31.19,Far West,Far West Texas,2,1,115,0,,,13.6,3.85,,
28,ODESSA 5,28,-102.47,31.8,Far West,Far West Texas,2,1,115,0,,,102.24,28.97,,
29,FORT STOCKTON 1,29,-102.51,30.77,Far West,Far West Texas,4,2,115,147.5,110.63,-20.76,,,,
30,ANDREWS,30,-102.7,32.34,Far West,Far West Texas,2,1,115,0,,,44.36,12.57,,
31,FORSAN,31,-101.4,32.14,Far West,Far West Texas,2,3,115,180.7,44.1,-3.61,,,,
32,BIG LAKE,32,-101.17,31.27,Far West,Far West Texas,2,1,115,0,,,14.68,4.16,,
33,MIDLAND 5,33,-102.2,32.05,Far West,Far West Texas,3,1,115,0,,,98.56,27.93,,
34,OZONA,34,-101.33,30.58,Far West,Far West Texas,2,1,115,0,,,11.08,3.14,0,12.68
35,MONAHANS 1,35,-102.96,31.58,Far West,Far West Texas,5,7,230,1097.4,267.46,-22.94,,,,
36,STANTON,36,-101.75,32.49,Far West,Far West Texas,2,1,115,0,,,14.99,4.25,,
37,ODONNELL,37,-101.76,32.93,Far West,Far West Texas,2,1,115,0,,,3.98,1.13,,
38,LENORAH,38,-101.84,32.24,Far West,Far West Texas,5,2,115,120,0,0,,,0,59.55
39,IRAAN 3,39,-101.92,30.88,Far West,Far West Texas,4,3,115,7.6,0,0,13.46,3.81,,
40,BIG SPRING 6,40,-101.42,32.27,Far West,Far West Texas,3,3,115,231.5,0,0,,,,
41,ODESSA 3,41,-102.31,32,Far West,Far West Texas,3,1,115,0,,,123.76,35.07,,
42,BIG SPRING 3,42,-101.45,32.1,Far West,Far West Texas,2,2,115,142.5,106.88,-3.74,,,,
43,BIG SPRING 7,43,-101.37,32.1,Far West,Far West Texas,3,1,115,0,,,101.55,28.77,,
44,MIDLAND 1,44,-101.92,31.52,Far West,Far West Texas,2,1,115,0,,,59.4,16.83,,
45,IRAAN 1,45,-102.09,30.92,Far West,Far West Texas,4,2,115,160.5,120.38,18.58,,,,
46,ODESSA 1,46,-102.33,31.84,Far West,Far West Texas,10,11,500,1725.78,1052.1,135.94,91.46,25.91,0,84.63
47,FORT STOCKTON 2,47,-102.36,30.81,Far West,Far West Texas,2,1,115,150,112.5,-21.6,,,,
48,FORT STOCKTON 3,48,-102.79,30.75,Far West,Far West Texas,3,1,115,0,,,39.95,11.32,0,27.35
49,BIG SPRING 2,49,-101.3,31.94,Far West,Far West Texas,3,1,115,115.5,86.62,24.6,,,,
50,KERMIT,50,-103.14,31.7,Far West,Far West Texas,3,1,115,0,,,21.3,6.03,,
51,PECOS,51,-103.6,31.8,Far West,Far West Texas,2,1,115,0,,,39.67,11.24,0,31.13
52,SHEFFIELD,52,-101.78,30.6,Far West,Far West Texas,4,1,115,0,,,0.91,0.26,0,14.9
53,MCCAMEY 2,53,-102.23,31.14,Far West,Far West Texas,2,1,115,75,56.25,-3.26,,,,
54,LAMESA,54,-102.13,32.93,Far West,Far West Texas,2,1,115,0,,,40.6,11.5,,
55,GOLDSMITH,55,-102.83,32,Far West,Far West Texas,3,1,115,188.5,141.37,31.15,,,,
56,RALLS 2,56,-101.53,33.66,Far West,Far West Texas,3,1,161,0,,,11.62,3.29,,
57,PARIS 3,57,-95.34,33.68,North,Red River,2,1,161,0,,,48.36,13.7,,
58,SAVOY,58,-96.37,33.63,North,Red River,4,5,500,1175.4,0,0,,,,
59,HONEY GROVE,59,-95.9,33.62,North,Red River,2,1,161,0,,,9.54,2.7,,
60,MEMPHIS,60,-100.51,34.86,North,Panhandle,2,1,161,0,,,8.06,2.28,,
61,IOWA PARK,61,-98.72,33.97,North,Red River,3,1,161,0,,,39.14,11.09,0,125.84
62,VERNON 2,62,-99.77,33.9,North,Panhandle,3,1,161,0,,,56.81,16.09,0,32.01
63,PANHANDLE 2,63,-101.31,35.24,North,Panhandle,5,3,500,200.6,150.45,-28.89,,,,
64,CHILDRESS,64,-100.81,34.45,North,Panhandle,2,1,161,0,,,25.43,7.2,,
65,FORESTBURG,65,-97.45,33.47,North,Red River,2,1,161,0,,,4.69,1.33,,
66,SHERMAN 3,66,-96.77,33.63,North,Red River,2,1,161,0,,,69.27,19.63,,
67,PANHANDLE 4,67,-101.25,35.43,North,Panhandle,3,3,500,218,0,0,,,0,-212.57
68,WICHITA FALLS 6,68,-98.52,33.94,North,Red River,2,1,161,0,,,47.97,13.59,,
69,PARIS 2,69,-95.56,33.7,North,Red River,5,4,500,250,249.31,38.14,11.56,3.28,,
70,WICHITA FALLS 4,70,-98.49,33.86,North,Red River,2,1,161,0,,,39.62,11.23,,
71,WHEELER,71,-100.77,35.83,North,Panhandle,2,1,161,0,,,18.57,5.26,,
72,DEPORT,72,-95.32,33.48,North,Red River,2,1,161,0,,,3.55,1.01,,
73,WICHITA FALLS 3,73,-98.39,34,North,Red River,3,1,161,0,,,14.24,4.03,,
74,SILVERTON,74,-101.29,34.46,North,Panhandle,2,1,161,0,,,3.2,0.91,,
75,BONHAM,75,-96.24,33.71,North,Red River,2,1,161,0,,,47.15,13.36,,
76,MATADOR,76,-100.38,33.71,North,Panhandle,2,1,161,0,,,5.77,1.63,,
77,ARTHUR CITY,77,-95.65,33.86,North,Red River,2,1,161,0,,,3.35,0.95,,
78,LEONARD,78,-96.18,33.44,North,Red River,2,1,161,0,,,13.57,3.85,,
79,GORDONVILLE,79,-96.84,33.83,North,Red River,2,1,161,0,,,5.34,1.51,,
80,KNOX CITY,80,-99.85,33.43,North,Panhandle,2,1,161,0,,,4.68,1.33,,
81,WICHITA FALLS 7,81,-98.54,33.89,North,Red River,2,1,161,0,,,41.59,11.78,,
82,LINDSAY,82,-97.31,33.62,North,Red River,3,1,161,0,,,3.5,0.99,,
83,ECTOR,83,-96.28,33.55,North,Red River,2,1,161,0,,,2.6,0.74,,
84,SUNSET,84,-97.75,33.46,North,Red River,3,1,161,0,,,5.56,1.58,,
85,CLARKSVILLE,85,-95,33.66,North,Red River,3,1,161,0,,,15.9,4.51,,
86,PANHANDLE 3,86,-101.58,35.39,North,Panhandle,2,2,161,79.6,59.7,-11.46,,,,
87,SADLER,87,-96.84,33.74,North,Red River,2,1,161,0,,,4.24,1.2,,
88,WHITESBORO,88,-96.94,33.74,North,Red River,2,1,161,0,,,27.4,7.76,,
89,SHEPPARD AFB,89,-98.51,33.97,North,Red River,2,1,161,0,,,22.61,6.4,,
90,POTTSBORO,90,-96.73,33.8,North,Red River,2,1,161,0,,,22.13,6.27,,
91,BELLS,91,-96.43,33.62,North,Red River,2,1,161,0,,,14.96,4.24,,
92,CROSBYTON,92,-100.99,33.77,North,Panhandle,3,1,161,0,,,6.42,1.82,,
93,ELECTRA,93,-99.11,34.13,North,Panhandle,2,1,161,0,,,11.57,3.28,,
94,PATTONVILLE,94,-95.48,33.4,North,Red River,2,1,161,0,,,3.66,1.04,,
95,HENRIETTA,95,-98.2,33.76,North,Red River,2,1,161,0,,,17.85,5.06,,
96,PANHANDLE 6,96,-100.99,34.9,North,Panhandle,2,1,161,0,,,24.84,7.04,,
97,BOWIE,97,-97.96,33.52,North,Red River,2,1,161,0,,,29.13,8.25,,
98,WICHITA FALLS 1,98,-98.49,33.91,North,Red River,5,4,500,726,573.59,-57.99,49.62,14.06,,
99,WHITE DEER,99,-101.24,35.48,North,Panhandle,3,2,161,80,60,-11.52,,,,
100,ROXTON,100,-95.81,33.58,North,Red River,2,1,161,0,,,3.8,1.08,,
101,VERNON 1,101,-99.36,34.29,North,Panhandle,2,2,161,135.4,101.55,-12.3,,,,
102,DENISON 2,102,-96.6,33.77,North,Red River,2,1,161,0,,,65.62,18.59,0,40.76
103,SUMNER,103,-95.74,33.75,North,Red River,2,1,161,0,,,10.05,2.85,,
104,GAINESVILLE,104,-97.18,33.66,North,Red River,3,1,161,0,,,78.36,22.2,0,105.39
105,ASPERMONT,105,-100.25,33.18,North,Panhandle,2,1,161,0,,,7.11,2.02,,
106,WICHITA FALLS 5,106,-98.51,33.8,North,Red River,2,1,161,0,,,53.97,15.29,,
107,WINDTHORST,107,-98.46,33.51,North,Red River,2,1,161,0,,,5.76,1.63,,
108,HOWE,108,-96.74,33.45,North,Red River,3,1,161,0,,,21.92,6.21,0,126.24
109,ARCHER 2,109,-98.58,33.49,North,Red River,2,2,161,150,112.5,-2.46,,,,
110,COLLINSVILLE,110,-96.91,33.54,North,Red River,2,1,161,0,,,9.71,2.75,,
111,JAYTON,111,-100.52,32.97,North,Panhandle,4,4,161,30,22.5,6.39,,,,
112,MUENSTER 1,112,-97.43,33.73,North,Red River,2,2,161,112.5,84.38,-4.82,,,,
113,PADUCAH,113,-100.29,33.99,North,Panhandle,2,1,161,0,,,4.48,1.27,,
114,NOCONA,114,-97.96,33.79,North,Red River,3,1,161,0,,,16.93,4.8,,
115,DODD CITY,115,-96.07,33.62,North,Red River,2,1,161,0,,,4.46,1.26,,
116,WICHITA FALLS 2,116,-98.59,33.86,North,Red River,2,4,161,80,19.94,10.07,59.03,16.73,,
117,MONTAGUE,117,-97.69,33.63,North,Red River,2,1,161,0,,,2.19,0.62,,
118,SPUR,118,-100.71,33.34,North,Panhandle,2,1,161,0,,,7.9,2.24,,
119,ARCHER 1,119,-98.5,33.5,North,Red River,2,2,161,67.6,50.7,-0.29,,,,
120,ANNONA,120,-94.89,33.5,North,Red River,3,1,161,0,,,2.42,0.69,,
121,SEYMOUR,121,-99.24,33.62,North,Panhandle,2,1,161,0,,,17.05,4.83,,
122,DENISON 1,122,-96.47,33.73,North,Red River,2,1,161,0,,,24.11,6.83,,
123,PANHANDLE 5,123,-101.54,35.35,North,Panhandle,2,3,161,89.5,0,0,,,,
124,RALLS 1,124,-101.39,33.66,North,Panhandle,3,5,500,160,120,-23.04,,,0,-72.69
125,SHERMAN 1,125,-96.62,33.58,North,Red River,5,5,500,803.19,0,0,,,,
126,WHITEWRIGHT,126,-96.4,33.49,North,Red River,3,1,161,0,,,14.4,4.08,,
127,SHERMAN 2,127,-96.55,33.6,North,Red River,2,1,161,0,,,74.15,21.01,,
128,ROCHESTER,128,-99.64,33.32,North,Panhandle,2,1,161,0,,,2.14,0.61,,
129,BURKBURNETT,129,-98.62,34.1,North,Red River,2,1,161,0,,,33.81,9.58,,
130,MUENSTER 2,130,-97.38,33.68,North,Red River,2,1,161,0,,,8.59,2.43,0,52.71
131,ARCHER CITY,131,-98.88,33.53,North,Red River,2,1,161,0,,,13.95,3.95,,
132,PETROLIA,132,-98.26,34.01,North,Red River,2,1,161,0,,,4.54,1.29,,
133,PARIS 1,133,-95.59,33.63,North,Red River,6,8,500,1108.32,1105.25,-107.33,70.78,20.05,,
134,BAGWELL,134,-95.15,33.8,North,Red River,2,1,161,0,,,2.33,0.66,,
135,TELEPHONE,135,-96,33.78,North,Red River,3,1,161,0,,,6.72,1.9,,
136,PANHANDLE 1,136,-101.37,35.44,North,Panhandle,2,1,161,181.7,136.28,-26.16,,,,
137,VAN ALSTYNE,137,-96.55,33.44,North,Red River,2,1,161,0,,,21.29,6.03,,
138,TIOGA,138,-96.89,33.46,North,Red River,3,1,161,0,,,4.06,1.15,,
139,VALLEY VIEW,139,-97.13,33.46,North,Red River,2,1,161,0,,,14.24,4.03,,
140,MIAMI,140,-100.54,35.65,North,Panhandle,5,2,500,288.6,216.45,-1,,,0,-199.94
141,TRENTON,141,-96.31,33.44,North,Red River,4,1,161,0,,,6.63,1.88,,
142,HASKELL,142,-99.65,33.12,North,Panhandle,2,3,161,0,,,11.94,3.38,0,10.34
143,SAINT JO,143,-97.54,33.74,North,Red River,2,1,161,0,,,5.68,1.61,,
144,KERRVILLE,144,-99.16,30.04,West,Hill Country,3,2,230,0,,,112.86,31.98,,
145,SWEETWATER 4,145,-100.34,32.36,West,Abilene,2,2,115,37.5,28.13,-5.4,,,,
146,LEAKEY,146,-99.68,29.64,West,Hill Country,2,1,115,0,,,7.34,2.08,,
147,HAMLIN,147,-100.12,32.86,West,Abilene,2,1,115,0,,,7.35,2.08,,
148,MERKEL 3,148,-100.03,32.47,West,Abilene,3,1,115,0,,,14.96,4.24,,
149,COLEMAN,149,-99.57,31.74,West,Abilene,3,1,115,0,,,19.81,5.61,,
150,SONORA,150,-100.56,30.44,West,Hill Country,3,1,115,0,,,12.54,3.55,,
151,CAMP WOOD,151,-100.08,29.67,West,Hill Country,2,1,115,0,,,4.67,1.32,,
152,LLANO,152,-98.92,30.65,West,Hill Country,2,1,115,0,,,27.14,7.69,,
153,WILLOW CITY,153,-98.71,30.44,West,Hill Country,2,1,115,0,,,0.56,0.16,,
154,ABILENE 4,154,-99.67,32.34,West,Abilene,2,1,115,0,,,64.56,18.29,0,67.47
155,KINGSLAND,155,-98.44,30.67,West,Hill Country,2,1,115,0,,,22,6.23,,
156,ROSCOE 6,156,-100.57,32.42,West,Abilene,3,1,115,0,,,5.36,1.52,,
157,BLACKWELL,157,-100.27,32.2,West,Abilene,4,2,115,169.5,127.13,-0.17,,,,
158,CHRISTOVAL,158,-100.68,31.09,West,Abilene,6,3,230,150,112.5,1.34,,,0,43.45
159,LUEDERS,159,-99.69,32.87,West,Abilene,3,1,115,0,,,1.94,0.55,,
160,COLORADO CITY,160,-100.92,32.31,West,Abilene,2,1,115,0,,,24.59,6.97,,
161,STAMFORD,161,-99.85,32.94,West,Abilene,3,1,115,0,,,10.41,2.95,0,52.73
162,ELDORADO,162,-100.6,30.88,West,Hill Country,2,1,115,0,,,10.13,2.87,,
163,SAN SABA,163,-98.76,31.16,West,Hill Country,3,1,115,0,,,13.67,3.87,,
164,ABILENE 2,164,-99.49,32.63,West,Abilene,2,3,230,200,150,36.96,,,,
165,LOMETA,165,-98.38,31.26,West,Hill Country,2,1,115,0,,,4.87,1.38,,
166,SAN ANGELO 1,166,-100.32,31.51,West,Abilene,2,1,115,0,,,129.72,36.75,0,82.88
167,TUSCOLA,167,-99.83,32.27,West,Abilene,3,1,115,0,,,14.73,4.17,,
168,ABILENE 7,168,-99.93,32.33,West,Abilene,2,1,115,0,,,72.86,20.64,,
169,SNYDER 1,169,-101,32.72,West,Abilene,2,2,115,130.5,97.87,17.14,,,,
170,CHEROKEE,170,-99.08,30.94,West,Hill Country,2,1,115,0,,,3.47,0.98,,
171,RICHLAND SPRINGS,171,-99.14,31.52,West,Hill Country,3,1,115,0,,,5.8,1.64,,
172,ROSCOE 2,172,-100.67,32.47,West,Abilene,4,3,230,209,156.75,43.36,,,,
173,BALLINGER,173,-99.93,31.74,West,Abilene,2,1,115,0,,,14.61,4.14,,
174,SILVER,174,-100.69,32.05,West,Abilene,5,5,230,537.7,0,0,8.75,2.48,,
175,ROSCOE 5,175,-100.53,32.31,West,Abilene,11,3,500,241,180.75,51.33,,,0,329.9
176,ANSON,176,-99.91,32.75,West,Abilene,3,1,115,0,,,10.58,3,,
177,DEL RIO,177,-101.21,29.84,West,Hill Country,4,2,230,0,,,145.29,41.17,0,88.39
178,HUNT,178,-99.63,30.1,West,Hill Country,3,1,115,0,,,8.08,2.29,,
179,WINGATE,179,-100.06,32.21,West,Abilene,5,5,230,735.51,551.64,82.49,,,,
180,STERLING CITY 1,180,-100.93,31.93,West,Abilene,6,6,230,662.52,496.88,61.45,,,,
181,ROSCOE 4,181,-100.48,32.24,West,Abilene,3,2,115,80.5,60.37,-11.59,,,,
182,BRADY,182,-99.62,31.18,West,Hill Country,3,1,115,0,,,22.03,6.24,,
183,TRENT 1,183,-100.24,32.43,West,Abilene,4,2,115,150,112.5,25.59,,,,
184,OVALO,184,-99.75,32.12,West,Abilene,2,1,115,0,,,3.81,1.08,,
185,NOLAN,185,-100.1,32.29,West,Abilene,3,2,115,170.2,127.65,-24.51,,,,
186,MILES,186,-100.19,31.59,West,Abilene,3,1,115,0,,,5.98,1.7,,
187,BRACKETTVILLE 2,187,-100.21,29.23,West,Hill Country,3,2,115,99.8,74.85,-7.14,,,,
188,MASON,188,-99.57,30.84,West,Hill Country,2,1,115,0,,,12.18,3.45,,
189,BRACKETTVILLE 3,189,-100.44,29.4,West,Hill Country,2,1,115,0,,,10.79,3.06,,
190,ABILENE 6,190,-99.82,32.36,West,Abilene,4,1,115,0,,,68.66,19.45,,
191,HERMLEIGH,191,-100.67,32.59,West,Abilene,6,4,230,249,186.75,33.97,,,,
192,MERKEL 1,192,-100.18,32.32,West,Abilene,4,3,230,232.5,174.37,-8.93,,,,
193,LORAINE 1,193,-100.74,32.44,West,Abilene,3,3,115,150,56.25,-1.69,,,,
194,ABILENE 1,194,-99.66,32.51,West,Abilene,8,5,230,200,150,18.47,,,0,202.37
195,ROCKSPRINGS,195,-100.29,29.99,West,Hill Country,2,1,115,0,,,5.05,1.43,,
196,MERKEL 2,196,-100.06,32.31,West,Abilene,3,2,115,120.6,90.45,19.62,,,,
197,FLUVANNA 2,197,-101.15,32.95,West,Abilene,3,3,230,160,120,17.91,,,,
198,DYESS AFB,198,-99.91,32.42,West,Abilene,3,1,115,0,,,12.08,3.42,,
199,HAWLEY,199,-99.83,32.63,West,Abilene,3,1,115,0,,,8.53,2.42,,
200,BUCHANAN DAM 2,200,-98.47,30.94,West,Hill Country,3,1,115,0,,,9.43,2.67,,
201,ABILENE 3,201,-99.67,32.58,West,Abilene,3,1,115,0,,,75.26,21.32,,
202,SWEETWATER 5,202,-100.21,32.29,West,Abilene,2,1,115,0,,,39.32,11.14,,
203,BUCHANAN DAM 1,203,-98.39,30.73,West,Hill Country,2,3,115,207.3,97.52,-3.43,,,,
204,INGRAM,204,-99.35,30.16,West,Hill Country,2,1,115,0,,,14.87,4.21,,
205,KEMPNER,205,-98.01,31.09,West,Hill Country,2,1,115,0,,,23.52,6.66,,
206,FLUVANNA 1,206,-101.22,32.93,West,Abilene,2,2,115,84,63,11.92,,,,
207,STERLING CITY 2,207,-100.79,31.95,West,Abilene,2,3,115,149.6,112.2,-5.39,,,,
208,SAN ANGELO 2,208,-100.56,31.27,West,Abilene,3,1,115,0,,,98.31,27.85,,
209,ROTAN,209,-100.5,32.89,West,Abilene,3,1,115,0,,,9.58,2.71,,
210,SYNDER,210,-100.74,32.74,West,Abilene,2,3,115,183,137.25,-13.62,,,,
211,BRACKETTVILLE 1,211,-100.38,29.33,West,Hill Country,2,2,115,39.6,29.7,0,,,,
212,ROSCOE 1,212,-100.58,32.5,West,Abilene,3,2,115,197,147.75,-13.3,,,,
213,UVALDE,213,-100.02,29.15,West,Hill Country,2,1,115,0,,,66.07,18.72,,
214,FREDERICKSBURG,214,-98.88,30.28,West,Hill Country,3,1,115,0,,,64.54,18.29,0,47.7
215,ABILENE 5,215,-99.72,32.46,West,Abilene,2,1,115,0,,,91.26,25.86,,
216,SABINAL,216,-99.63,29.3,West,Hill Country,3,1,115,0,,,9.96,2.82,0,42.77
217,SWEETWATER 2,217,-100.42,32.29,West,Abilene,2,1,115,135,101.25,-19.44,,,,
218,LORAINE 2,218,-100.71,32.4,West,Abilene,2,1,115,0,,,2.82,0.8,,
219,ROSCOE 3,219,-100.65,32.4,West,Abilene,2,1,115,126.5,94.88,-18.22,,,,
220,SAN ANGELO 3,220,-101.06,31.8,West,Abilene,3,1,115,0,,,92.15,26.11,,
221,TUSOCOLA,221,-100.02,32.3,West,Abilene,3,1,115,114,85.5,22.85,,,,
222,EDEN,222,-99.9,31.22,West,Hill Country,2,1,115,0,,,9.56,2.71,,
223,SNYDER 2,223,-100.95,32.75,West,Abilene,6,4,230,153.9,0,0,46.96,13.3,,
224,SWEETWATER 1,224,-100.13,32.41,West,Abilene,3,1,115,101.2,75.9,21.56,,,,
225,MENARD,225,-100.11,30.9,West,Hill Country,3,1,115,0,,,10.95,3.1,,
226,WINTERS,226,-100.17,31.86,West,Abilene,2,1,115,0,,,14.92,4.23,,
227,GOLDSBORO,227,-99.69,32.05,West,Abilene,3,1,115,0,,,0.22,0.06,,
228,SWEETWATER 3,228,-100.37,32.35,West,Abilene,4,1,115,91.5,68.62,-13.18,,,,
229,GOODFELLOW AFB,229,-100.15,31.29,West,Abilene,3,1,115,0,,,7.07,2,0,31.63
230,SANTA ANNA,230,-99.38,31.52,West,Hill Country,2,1,115,0,,,5.75,1.63,0,17.21
231,ROWENA,231,-99.68,31.41,West,Hill Country,2,1,115,0,,,5.56,1.57,,
232,TRENT 2,232,-100.21,32.66,West,Abilene,3,1,115,0,,,2.94,0.83,,
233,JUNCTION,233,-100.07,30.46,West,Hill Country,2,1,115,0,,,12.04,3.41,0,15.8
234,LAMPASAS,234,-98.26,31.1,West,Hill Country,2,1,115,0,,,34.76,9.85,0,35.92
235,LAUGHLIN A F B,235,-100.78,29.36,South,Laredo,2,1,115,0,,,1.01,0.29,,
236,EDINBURG 3,236,-98.28,26.45,South,McAllen,4,1,115,0,,,127.29,36.07,,
237,LAREDO 7,237,-99.69,27.83,South,Laredo,4,2,230,0,,,164.14,46.51,0,73.14
238,BRUNI 2,238,-99,27.37,South,Laredo,2,1,115,0,,,2.75,0.78,,
239,MCALLEN 2,239,-98.24,26.22,South,McAllen,3,1,115,0,,,183.66,52.04,,
240,POTEET,240,-98.64,29.08,South,Laredo,3,1,115,0,,,32.49,9.21,,
241,SARITA 3,241,-97.51,27.07,South,Corpus Christi,4,2,115,201.6,151.2,11.42,,,,
242,HEBBRONVILLE,242,-98.79,27.1,South,McAllen,2,1,115,0,,,16.05,4.55,,
243,PROGRESO,243,-97.96,26.08,South,McAllen,4,1,115,0,,,13.74,3.89,0,52.15
244,EDINBURG 2,244,-98.18,26.28,South,McAllen,3,1,115,0,,,92.35,26.17,,
245,EAGLE PASS,245,-100.28,28.48,South,Laredo,4,2,230,0,,,159.81,45.28,0,72.02
246,CHARLOTTE,246,-98.72,28.79,South,Laredo,2,1,115,0,,,6.25,1.77,,
247,CORPUS CHRISTI 4,247,-97.27,27.63,South,Corpus Christi,4,1,115,0,,,89.56,25.38,,
248,WOODSBORO,248,-97.38,28.19,South,Corpus Christi,2,1,115,0,,,7.14,2.02,,
249,MERCEDES,249,-97.83,26.15,South,McAllen,3,1,115,0,,,135.83,38.48,,
250,CORPUS CHRISTI 16,250,-97.48,27.66,South,Corpus Christi,5,1,115,0,,,117.81,33.38,,
251,EDCOUCH,251,-97.98,26.37,South,McAllen,2,1,115,0,,,31.97,9.06,,
252,ENCINAL,252,-99.4,28.04,South,Laredo,2,1,115,0,,,5.56,1.58,,
253,MOORE,253,-98.85,28.94,South,Laredo,2,1,115,0,,,5.06,1.43,,
254,CHRISTINE,254,-98.48,28.7,South,Laredo,3,3,230,410,408.86,44.49,,,,
255,MCALLEN 3,255,-98.25,26.16,South,McAllen,3,1,115,0,,,65.12,18.45,,
256,FANNIN,256,-97.21,28.71,South,Corpus Christi,5,3,230,622.4,460.57,-34.65,,,,
257,SAN YGNACIO,257,-99.33,27.13,South,Laredo,2,1,115,0,,,2.75,0.78,,
258,KINGSVILLE,258,-97.87,27.44,South,Corpus Christi,2,1,115,0,,,91.39,25.89,,
259,LAREDO 6,259,-99.5,27.51,South,Laredo,4,1,115,0,,,126.25,35.77,,
260,HIDALGO,260,-98.24,26.11,South,McAllen,3,1,115,0,,,37.64,10.66,,
261,CORPUS CHRISTI 18,261,-97.6,27.84,South,Corpus Christi,2,1,115,0,,,79.16,22.43,,
262,CRYSTAL CITY,262,-99.56,28.89,South,Laredo,2,1,115,0,,,35.07,9.94,,
263,SINTON,263,-97.55,28.12,South,Corpus Christi,3,1,115,0,,,28.72,8.14,0,66.48
264,BEEVILLE,264,-97.71,28.41,South,Corpus Christi,3,1,115,0,,,83.3,23.6,,
265,MISSION 4,265,-98.38,26.23,South,McAllen,12,2,230,0,,,225.66,63.94,0,402.8
266,SAN JUAN,266,-98.12,26.14,South,McAllen,6,2,230,0,,,215.18,60.97,,
267,FALCON HEIGHTS 2,267,-99.1,26.68,South,McAllen,2,1,115,0,,,2.47,0.7,,
268,FALCON HEIGHTS 1,268,-99.16,26.56,South,McAllen,2,4,115,317.6,149.38,12.84,,,,
269,LA JOYA,269,-98.49,26.24,South,McAllen,3,1,115,0,,,13.1,3.71,,
270,SEBASTIAN 2,270,-97.59,26.33,South,McAllen,3,2,115,200,150,-21.93,,,,
271,BISHOP,271,-97.82,27.57,South,Corpus Christi,4,2,115,44.2,44.08,22.5,89.39,25.33,,
272,ARMSTRONG 2,272,-97.77,26.91,South,McAllen,4,1,115,0,,,0.11,0.03,,
273,SKIDMORE,273,-97.65,28.25,South,Corpus Christi,2,1,115,0,,,5.6,1.59,,
274,CORPUS CHRISTI 9,274,-97.39,27.82,South,Corpus Christi,5,1,115,0,,,17.78,5.04,,
275,GREGORY,275,-97.26,27.89,South,Corpus Christi,6,8,230,948.99,753.57,106.92,,,,
276,CORPUS CHRISTI 2,276,-97.53,27.83,South,Corpus Christi,6,2,115,47,46.87,13.41,8.82,2.5,,
277,WESLACO,277,-97.99,26.16,South,McAllen,3,1,115,0,,,191.53,54.27,0,151.38
278,HARLINGEN 1,278,-97.67,26.26,South,McAllen,6,1,115,0,,,159.46,45.18,,
279,ELSA,279,-98.04,26.31,South,McAllen,3,1,115,0,,,27.99,7.93,,
280,CORPUS CHRISTI 17,280,-97.52,27.77,South,Corpus Christi,2,1,115,0,,,4.24,1.2,,
281,BROWNSVILLE 2,281,-97.32,25.94,South,McAllen,4,2,230,0,,,281.45,79.75,,
282,CORPUS CHRISTI 10,282,-97.4,27.77,South,Corpus Christi,4,1,115,0,,,51.71,14.65,,
283,MISSION 1,283,-98.4,26.21,South,McAllen,11,5,230,528.99,272.91,41.53,,,,
284,CORPUS CHRISTI 8,284,-97.39,27.73,South,Corpus Christi,4,1,115,0,,,84.07,23.82,,
285,MISSION 3,285,-98.37,26.32,South,McAllen,5,1,115,0,,,171.21,48.51,,
286,CORPUS CHRISTI 3,286,-97.31,27.61,South,Corpus Christi,6,6,230,1082.2,896.23,155.08,,,,
287,RIO HONDO,287,-97.49,26.26,South,McAllen,3,1,115,0,,,19.87,5.63,0,108.16
288,CORPUS CHRISTI 5,288,-97.27,27.7,South,Corpus Christi,2,1,115,0,,,2.08,0.59,0,123.98
289,PHARR,289,-98.19,26.15,South,McAllen,4,1,115,0,,,212.52,60.21,0,299.98
290,SANTA ROSA 1,290,-97.87,26.27,South,McAllen,3,10,115,200.5,135.12,12.62,8.6,2.44,,
291,ODEM,291,-97.68,27.96,South,Corpus Christi,5,1,115,0,,,15.17,4.3,,
292,CORPUS CHRISTI 13,292,-97.44,27.77,South,Corpus Christi,6,1,115,0,,,50.6,14.34,,
293,LAREDO 3,293,-99.27,27.56,South,Laredo,3,1,115,0,,,128.14,36.31,,
294,OLMITO,294,-97.53,26.02,South,McAllen,4,1,115,0,,,24.17,6.85,,
295,EDINBURG 1,295,-98.09,26.45,South,McAllen,4,1,115,0,,,189.88,53.8,0,123.54
296,TAFT 2,296,-97.46,27.94,South,Corpus Christi,3,2,115,180,135,23.76,,,,
297,PORT ISABEL,297,-97.31,26.05,South,McAllen,2,1,115,0,,,37.55,10.64,,
298,DONNA,298,-98.06,26.16,South,McAllen,5,1,115,0,,,118.36,33.54,,
299,INGLESIDE,299,-97.2,27.87,South,Corpus Christi,3,1,115,0,,,28.34,8.03,,
300,CORPUS CHRISTI 11,300,-97.41,27.68,South,Corpus Christi,2,1,115,0,,,110.86,31.41,,
301,LOS FRESNOS,301,-97.27,26.23,South,McAllen,2,1,115,0,,,57.35,16.25,,
302,HARLINGEN 2,302,-97.74,26.25,South,McAllen,2,1,115,0,,,104.08,29.49,,
303,RIVIERA,303,-97.9,27.14,South,Corpus Christi,4,1,115,0,,,5.59,1.58,,
304,LAREDO 1,304,-99.51,27.57,South,Laredo,5,4,230,263.6,255.2,54.11,,,,
305,JOURDANTON,305,-98.49,28.76,South,Laredo,3,1,115,0,,,18.89,5.35,,
306,GEORGE WEST,306,-98.14,28.26,South,Corpus Christi,2,1,115,0,,,13.88,3.93,,
307,ROMA,307,-99.11,26.53,South,McAllen,3,1,115,0,,,55.57,15.75,,
308,CORPUS CHRISTI 12,308,-97.44,27.75,South,Corpus Christi,2,1,115,0,,,46.52,13.18,,
309,SANTA MARIA,309,-97.74,26.05,South,McAllen,2,1,115,0,,,4.11,1.16,0,51.61
310,MCALLEN 1,310,-98.24,26.27,South,McAllen,4,1,115,0,,,146.11,41.4,0,154.96
311,CORPUS CHRISTI 7,311,-97.37,27.66,South,Corpus Christi,3,1,115,0,,,90.5,25.64,,
312,FALFURRIAS,312,-98.22,26.88,South,McAllen,4,1,115,0,,,24.38,6.91,,
313,PETTUS,313,-97.96,28.54,South,Corpus Christi,2,1,115,0,,,4.5,1.28,,
314,BROWNSVILLE 3,314,-97.44,25.99,South,McAllen,5,1,115,0,,,127.38,36.09,,
315,ALICE,315,-98.08,27.66,South,Corpus Christi,2,1,115,0,,,87.29,24.73,0,70.49
316,RIO GRANDE CITY,316,-98.52,26.58,South,McAllen,3,1,115,0,,,123.51,35,0,71.01
317,PREMONT,317,-98.5,27.63,South,Laredo,2,1,115,0,,,18.51,5.25,,
318,FREER,318,-98.63,27.84,South,Laredo,2,1,115,0,,,9.48,2.69,0,25.45
319,PEARSALL,319,-99.09,28.93,South,Laredo,6,8,230,267.6,30.63,-11.19,33.09,9.38,0,75.8
320,SANDIA,320,-97.96,28.09,South,Corpus Christi,3,1,115,0,,,10.62,3.01,,
321,SARITA 1,321,-97.79,27.22,South,Corpus Christi,7,3,230,188,141,27.34,,,0,91.5
322,DILLEY,322,-99.19,28.7,South,Laredo,2,1,115,0,,,14.36,4.07,,
323,ORANGE GROVE,323,-98.06,27.99,South,Corpus Christi,2,1,115,0,,,16.36,4.63,,
324,PORTLAND,324,-97.38,27.89,South,Corpus Christi,5,1,115,0,,,49.86,14.13,,
325,LAREDO 4,325,-99.35,27.37,South,Laredo,7,2,230,0,,,193.64,54.87,0,105.43
326,THREE RIVERS,326,-98.57,28.31,South,Laredo,2,1,115,0,,,14.64,4.15,,
327,ROCKPORT,327,-97.2,28.12,South,Corpus Christi,3,1,115,0,,,61.36,17.38,,
328,CORPUS CHRISTI 15,328,-97.47,27.74,South,Corpus Christi,5,1,115,0,,,12.53,3.55,,
329,ARMSTRONG 1,329,-97.6,27,South,Corpus Christi,10,3,230,283.2,212.4,60.32,,,,
330,PENITAS,330,-98.48,26.32,South,McAllen,2,1,115,0,,,26.32,7.46,,
331,SULLIVAN CITY,331,-98.57,26.25,South,McAllen,4,1,115,0,,,19.45,5.51,,
332,CORPUS CHRISTI 6,332,-97.35,27.7,South,Corpus Christi,3,1,115,0,,,108.01,30.6,,
333,MISSION 2,333,-98.3,26.3,South,McAllen,4,1,115,0,,,104.67,29.66,,
334,CORPUS CHRISTI 1,334,-97.43,27.81,South,Corpus Christi,6,6,230,602.31,397.48,118.18,36.18,10.25,,
335,GRULLA,335,-98.65,26.27,South,McAllen,2,1,115,0,,,2.03,0.57,,
336,SARITA 2,336,-97.55,27.12,South,Corpus Christi,3,2,115,201,150.75,-28.94,,,,
337,HARGILL,337,-97.92,26.48,South,McAllen,2,1,115,0,,,5.31,1.5,,
338,CORPUS CHRISTI 14,338,-97.44,27.81,South,Corpus Christi,9,1,115,0,,,8.87,2.51,,
339,MATHIS,339,-97.81,28.1,South,Corpus Christi,3,1,115,0,,,27.68,7.84,,
340,ARANSAS PASS,340,-97.09,27.87,South,Corpus Christi,2,1,115,0,,,35.86,10.16,,
341,SAN BENITO,341,-97.63,26.11,South,McAllen,4,1,115,0,,,167.63,47.5,0,102.45
342,PLEASANTON,342,-98.43,28.94,South,Laredo,3,1,115,0,,,42.31,11.99,,
343,REFUGIO,343,-96.9,28.29,South,Corpus Christi,2,1,115,0,,,12.05,3.42,,
344,LYTLE,344,-98.78,29.2,South,Laredo,2,1,115,0,,,19.16,5.43,0,88.52
345,LAREDO 2,345,-99.13,27.75,South,Laredo,2,1,115,0,,,3.16,0.89,0,23.1
346,BRUNI 1,346,-98.91,27.58,South,Laredo,2,2,115,150,112.5,-0.14,,,,
347,GOLIAD,347,-97.58,28.57,South,Corpus Christi,2,1,115,0,,,17.46,4.95,0,47.02
348,SAN DIEGO,348,-98.39,27.85,South,Laredo,2,1,115,0,,,19.92,5.64,,
349,PORT ARANSAS,349,-97.11,27.78,South,Corpus Christi,3,1,115,0,,,10.76,3.05,,
350,TAFT 1,350,-97.3,28,South,Corpus Christi,4,2,230,200.1,150.07,42.62,22.68,6.43,,
351,SAN PERLITA,351,-97.69,26.48,South,McAllen,7,2,230,203,152.25,43.24,,,,
352,ZAPATA,352,-99.16,26.93,South,McAllen,2,1,115,0,,,37.84,10.72,0,21.49
353,SANTA ROSA 2,353,-97.79,26.35,South,McAllen,3,1,115,0,,,37.06,10.5,0,54.12
354,COTULLA,354,-99.21,28.29,South,Laredo,2,1,115,0,,,15.06,4.27,,
355,QUEMADO,355,-100.59,28.95,South,Laredo,2,1,115,0,,,2.97,0.84,0,0
356,CARRIZO SPRINGS,356,-99.51,28.52,South,Laredo,3,1,115,0,,,29.89,8.47,,
357,LAREDO 5,357,-99.46,27.55,South,Laredo,3,1,115,0,,,132.46,37.53,,
358,RAYMONDVILLE,358,-97.44,26.57,South,McAllen,4,1,115,0,,,46.43,13.16,,
359,BROWNSVILLE 1,359,-97.52,25.91,South,McAllen,6,2,230,1522.71,1144.06,148.55,178.22,50.5,,
360,LEMING,360,-98.48,29.07,South Central,San Antonio,2,1,115,0,,,2.3,0.65,,
361,SEBASTIAN 1,361,-97.67,26.35,South,McAllen,8,1,115,201.6,151.2,42.94,,,,
362,GARLAND 5,362,-96.67,32.91,North Central,Dallas,3,1,161,0,,,113.64,32.2,,
363,KERENS,363,-96.33,32.16,North Central,Corsicana,2,1,161,0,,,11.69,3.31,,
364,LIPAN,364,-98.01,32.53,North Central,Glen Rose,2,1,161,0,,,8.95,2.53,,
365,DALLAS 24,365,-96.8,32.97,North Central,Dallas,6,1,161,0,,,100.19,28.39,,
366,DENTON 4,366,-97.11,33.23,North Central,Fort Worth,2,1,161,0,,,72.05,20.42,,
367,ALBANY 2,367,-99.24,32.79,North Central,Central Texas,3,1,161,0,,,7.6,2.15,,
368,DALLAS 21,368,-96.79,32.86,North Central,Dallas,3,1,161,0,,,62.68,17.76,,
369,PLANO 2,369,-96.67,33.03,North Central,Dallas,4,1,161,0,,,133.87,37.93,,
370,THORNTON,370,-96.61,31.3,North Central,Waco,2,1,161,0,,,7.64,2.17,,
371,DENTON 5,371,-97.15,33.22,North Central,Fort Worth,2,1,161,0,,,81.32,23.04,,
372,EARLY,372,-98.81,31.84,North Central,Central Texas,3,1,161,0,,,19.34,5.48,0,47.62
373,DECATUR,373,-97.51,33.28,North Central,Fort Worth,2,1,161,0,,,46.76,13.25,,
374,KELLER 2,374,-97.28,32.93,North Central,Fort Worth,9,2,500,0,,,181.16,51.33,,
375,PONDER,375,-97.31,33.2,North Central,Fort Worth,3,1,161,0,,,13.85,3.93,,
376,JACKSBORO 1,376,-98.34,33.07,North Central,Jacksboro,5,3,500,120,90,-16.77,,,,
377,ALEDO 1,377,-97.51,32.72,North Central,Fort Worth,9,3,500,4.8,0,0,140.24,39.73,,
378,GATESVILLE 4,378,-97.76,31.42,North Central,Waco,3,1,161,0,,,50.92,14.43,,
379,CLEBURNE 2,379,-97.51,32.28,North Central,Glen Rose,4,1,161,0,,,74.46,21.1,,
380,FORT WORTH 14,380,-97.34,32.64,North Central,Fort Worth,3,1,161,0,,,71.11,20.15,,
381,FORT WORTH 23,381,-97.42,32.67,North Central,Fort Worth,4,1,161,0,,,74.13,21,,
382,FORT WORTH 1,382,-97.05,32.82,North Central,Fort Worth,4,1,161,0,,,9.35,2.65,,
383,TROY,383,-97.27,31.2,North Central,Waco,2,1,161,0,,,12.77,3.62,,
384,SPRINGTOWN,384,-97.7,32.85,North Central,Jacksboro,2,1,161,0,,,79.61,22.55,,
385,PRINCETON,385,-96.48,33.15,North Central,Dallas,2,1,161,0,,,42.36,12,,
386,DALLAS 27,386,-96.8,32.75,North Central,Dallas,5,1,161,0,,,47.16,13.36,,
387,DALLAS 1,387,-96.64,32.65,North Central,Dallas,7,10,500,1861.42,562.46,463.41,55.35,15.68,,
388,ROYSE CITY,388,-96.38,32.95,North Central,Dallas,2,1,161,0,,,68.1,19.29,,
389,BOYD,389,-97.6,33.04,North Central,Fort Worth,4,1,161,0,,,17.5,4.96,,
390,STEPHENVILLE,390,-98.2,32.28,North Central,Glen Rose,6,2,500,0,,,77.11,21.85,,
391,MANSFIELD,391,-97.19,32.5,North Central,Fort Worth,8,2,500,0,,,184.54,52.29,,
392,GREENVILLE 1,392,-96.13,33.17,North Central,Dallas,9,4,500,84.7,84.47,43.11,64.6,18.3,,
393,PLANO 4,393,-96.74,33.09,North Central,Dallas,4,1,161,0,,,152.78,43.29,,
394,GROESBECK,394,-96.52,31.5,North Central,Corsicana,2,1,161,0,,,21.17,6,,
395,GRAHAM,395,-98.61,33.13,North Central,Jacksboro,4,4,500,634.7,251.17,-19.5,40.4,11.45,,
396,MABANK 2,396,-96.11,32.28,North Central,Corsicana,3,4,161,0,,,43.74,12.39,0,37.58
397,ARLINGTON 1,397,-97.14,32.78,North Central,Fort Worth,11,7,500,1327.21,1321.74,522.71,77.07,21.84,,
398,DALLAS 41,398,-96.88,32.78,North Central,Fort Worth,2,1,161,0,,,74.65,21.15,,
399,WACO 3,399,-97.13,31.58,North Central,Waco,2,1,161,0,,,74.11,21,,
400,DALLAS 19,400,-96.79,33,North Central,Dallas,10,1,161,0,,,72.34,20.5,,
401,BANGS,401,-99.15,31.71,North Central,Central Texas,2,1,161,0,,,8.83,2.5,,
402,PROSPER,402,-96.81,33.24,North Central,Dallas,3,1,161,0,,,31.78,9,,
403,EVANT,403,-98.05,31.55,North Central,Glen Rose,2,1,161,0,,,3.96,1.12,,
404,TERRELL 1,404,-96.17,32.74,North Central,Dallas,2,2,161,0,,,18.49,5.24,0,86.76
405,AUBREY,405,-96.99,33.27,North Central,Fort Worth,2,1,161,0,,,66.42,18.82,,
406,WACO 4,406,-97.15,31.51,North Central,Waco,3,1,161,0,,,38.19,10.82,,
407,LORENA,407,-97.2,31.27,North Central,Waco,2,1,161,0,,,37.61,10.66,,
408,FORT HOOD,408,-97.76,31.14,North Central,Waco,3,1,161,0,,,89.83,25.45,,
409,ARLINGTON 5,409,-97.09,32.69,North Central,Fort Worth,3,1,161,0,,,102.22,28.96,,
410,MCKINNEY 3,410,-96.7,33.17,North Central,Dallas,7,2,500,0,,,224.2,63.52,,
411,DALLAS 38,411,-96.87,32.67,North Central,Fort Worth,2,1,161,0,,,51.3,14.54,,
412,ARLINGTON 9,412,-97.16,32.72,North Central,Fort Worth,4,1,161,0,,,92.04,26.08,,
413,MILFORD,413,-96.99,32.14,North Central,Corsicana,3,1,161,0,,,4.13,1.17,,
414,CLIFTON 1,414,-97.37,31.87,North Central,Glen Rose,2,2,161,123.9,0,0,,,,
415,DALLAS 15,415,-96.77,32.83,North Central,Dallas,4,1,161,0,,,108.74,30.81,0,174.9
416,FROST,416,-96.81,32.04,North Central,Corsicana,2,1,161,0,,,5.33,1.51,,
417,GRANDVIEW,417,-97.16,32.28,North Central,Corsicana,3,1,161,0,,,17.62,4.99,,
418,HASLET,418,-97.38,32.99,North Central,Fort Worth,4,1,161,0,,,47.98,13.6,0,218.45
419,BARDWELL,419,-96.75,32.21,North Central,Corsicana,2,1,161,0,,,2.66,0.75,,
420,LAKE DALLAS,420,-97.01,33.11,North Central,Fort Worth,2,1,161,0,,,32.24,9.14,,
421,PLANO 1,421,-96.62,33.02,North Central,Dallas,6,1,161,0,,,61.74,17.49,,
422,EULESS 2,422,-97.09,32.81,North Central,Fort Worth,4,1,161,0,,,82.57,23.4,,
423,FORT WORTH 24,423,-97.42,32.58,North Central,Fort Worth,3,1,161,0,,,156.22,44.26,0,256.72
424,FLOWER MOUND 2,424,-97.12,33.03,North Central,Fort Worth,2,1,161,0,,,67.63,19.16,0,211.57
425,DALLAS 11,425,-96.75,32.77,North Central,Dallas,7,1,161,0,,,22.45,6.36,,
426,COMANCHE,426,-98.61,31.89,North Central,Central Texas,2,1,161,0,,,22.63,6.41,,
427,RICHARDSON 2,427,-96.74,32.98,North Central,Dallas,10,2,500,0,,,234.49,66.44,,
428,FORT WORTH 8,428,-97.27,32.62,North Central,Fort Worth,9,1,161,0,,,79.02,22.39,,
429,IRVING 1,429,-96.99,32.92,North Central,Fort Worth,3,3,161,16.5,0,0,105.27,29.83,,
430,DALLAS 44,430,-96.96,32.64,North Central,Fort Worth,7,1,161,0,,,40.12,11.37,0,448.51
431,LANCASTER 1,431,-96.75,32.56,North Central,Dallas,2,1,161,0,,,53.98,15.29,,
432,PALO PINTO 2,432,-98.28,32.76,North Central,Jacksboro,2,1,161,0,,,3.44,0.97,,
433,ADDISON,433,-96.84,32.96,North Central,Dallas,4,1,161,0,,,37.24,10.55,,
434,HICO,434,-97.88,32,North Central,Glen Rose,4,1,161,0,,,14.25,4.04,,
435,KRUM,435,-97.3,33.28,North Central,Fort Worth,3,1,161,0,,,21.58,6.11,,
436,KAUFMAN,436,-96.26,32.57,North Central,Dallas,3,1,161,0,,,56.95,16.13,,
437,CADDO MILLS,437,-96.22,33.07,North Central,Dallas,2,1,161,0,,,17.73,5.02,,
438,PLANO 7,438,-96.81,33.03,North Central,Dallas,4,1,161,0,,,141.56,40.11,,
439,FORT WORTH 5,439,-97.26,32.69,North Central,Fort Worth,2,1,161,0,,,128.28,36.35,,
440,BAIRD,440,-99.2,32.34,North Central,Central Texas,3,1,161,0,,,8.65,2.45,,
441,PERRIN,441,-98.05,33.01,North Central,Jacksboro,2,1,161,0,,,4.4,1.25,,
442,BROWNWOOD,442,-99.03,31.75,North Central,Central Texas,4,2,500,0,,,76.66,21.72,0,31.4
443,DALLAS 6,443,-96.7,32.84,North Central,Dallas,3,1,161,0,,,65,18.42,,
444,MARLIN,444,-96.81,31.2,North Central,Waco,2,2,161,0,,,26.69,7.56,,
445,ARLINGTON 6,445,-97.1,32.78,North Central,Fort Worth,8,1,161,0,,,67.92,19.24,,
446,DALLAS 8,446,-96.74,32.91,North Central,Dallas,3,1,161,0,,,173.21,49.08,,
447,JONESBORO,447,-97.8,31.77,North Central,Glen Rose,3,1,161,0,,,3.89,1.1,,
448,DALLAS 33,448,-96.84,32.75,North Central,Dallas,3,1,161,0,,,90.51,25.65,,
449,GOLDTHWAITE 2,449,-98.55,31.63,North Central,Glen Rose,2,1,161,0,,,14.89,4.22,,
450,PLANO 5,450,-96.74,33.02,North Central,Dallas,4,1,161,0,,,99.79,28.27,,
451,BELTON,451,-97.5,31.05,North Central,Waco,4,2,500,0,,,102.52,29.05,,
452,TOLAR,452,-97.92,32.36,North Central,Glen Rose,2,1,161,0,,,12.16,3.45,,
453,BRECKENRIDGE,453,-98.89,32.8,North Central,Central Texas,2,1,161,0,,,26.98,7.64,,
454,EASTLAND,454,-98.66,32.5,North Central,Central Texas,3,1,161,0,,,27.59,7.82,,
455,COOPER,455,-95.76,33.46,North Central,Dallas,2,1,161,0,,,11.94,3.38,,
456,WACO 1,456,-97.08,31.48,North Central,Waco,5,2,500,0,,,105.04,29.76,,
457,DALLAS 42,457,-96.89,32.92,North Central,Dallas,3,1,161,0,,,86.38,24.47,0,275.72
458,GATESVILLE 1,458,-97.71,31.49,North Central,Waco,2,1,161,0,,,8.65,2.45,,
459,ANNA,459,-96.38,33.32,North Central,Dallas,2,1,161,0,,,45.38,12.86,,
460,MOODY,460,-97.39,31.29,North Central,Waco,3,1,161,0,,,15.53,4.4,,
461,FORT WORTH 2,461,-97.18,32.78,North Central,Fort Worth,6,1,161,0,,,87.45,24.78,,
462,WACO 6,462,-97.22,31.63,North Central,Waco,2,1,161,0,,,73.43,20.8,,
463,GRAND PRAIRIE 1,463,-97,32.73,North Central,Fort Worth,5,1,161,0,,,117.86,33.39,,
464,ROWLETT 2,464,-96.56,32.94,North Central,Dallas,7,1,161,0,,,90.75,25.71,,
465,PLANO 6,465,-96.8,33.08,North Central,Dallas,3,1,161,0,,,108.12,30.63,,
466,IRVING 5,466,-97,32.87,North Central,Fort Worth,4,1,161,0,,,83.41,23.63,,
467,DALLAS 7,467,-96.71,32.88,North Central,Dallas,3,1,161,0,,,91.45,25.91,,
468,BRYSON 2,468,-98.38,33.28,North Central,Jacksboro,2,1,161,0,,,4.11,1.17,,
469,MORGAN,469,-97.53,31.99,North Central,Glen Rose,3,1,161,0,,,5.33,1.51,,
470,SACHSE,470,-96.58,32.97,North Central,Dallas,5,1,161,0,,,60.98,17.28,,
471,PARADISE,471,-97.72,33.1,North Central,Jacksboro,4,1,161,0,,,15.98,4.53,,
472,RIO VISTA,472,-97.4,32.11,North Central,Glen Rose,3,1,161,0,,,15.58,4.41,,
473,STRAWN,473,-98.67,32.76,North Central,Jacksboro,2,1,161,0,,,3.71,1.05,,
474,MAY,474,-98.93,31.93,North Central,Central Texas,2,1,161,0,,,6.22,1.76,,
475,DESOTO,475,-96.86,32.6,North Central,Fort Worth,4,1,161,0,,,146.63,41.55,,
476,MESQUITE 2,476,-96.62,32.77,North Central,Dallas,4,1,161,0,,,168.19,47.66,,
477,ROSEBUD,477,-96.95,31.08,North Central,Waco,2,1,161,0,,,14.54,4.12,,
478,DENTON 2,478,-97.06,33.21,North Central,Fort Worth,2,1,161,0,,,59.35,16.81,,
479,DALLAS 4,479,-96.68,32.82,North Central,Dallas,4,1,161,0,,,199.65,56.57,0,216.43
480,AXTELL,480,-96.96,31.66,North Central,Corsicana,2,1,161,0,,,6.69,1.9,,
481,NOLANVILLE,481,-97.6,31.08,North Central,Waco,3,1,161,0,,,15.15,4.29,,
482,DENTON 1,482,-97.11,33.2,North Central,Fort Worth,9,4,500,128.1,127.74,65.2,55.53,15.73,,
483,DALLAS 39,483,-96.88,32.87,North Central,Dallas,3,1,161,0,,,125.67,35.61,,
484,DUBLIN 1,484,-98.48,32.34,North Central,Central Texas,2,2,161,60,45,-8.64,,,,
485,MERTENS,485,-96.91,32.04,North Central,Corsicana,2,1,161,0,,,1.06,0.3,,
486,WEATHERFORD 1,486,-97.78,32.68,North Central,Jacksboro,2,1,161,0,,,74.24,21.03,0,208.03
487,PLANO 3,487,-96.73,33.06,North Central,Dallas,5,1,161,0,,,136.36,38.63,,
488,MALONE,488,-96.9,31.92,North Central,Corsicana,2,1,161,0,,,4.32,1.22,,
489,DENTON 3,489,-97.1,33.15,North Central,Fort Worth,6,1,161,0,,,118.67,33.62,,
490,GRAFORD,490,-98.32,32.9,North Central,Jacksboro,2,1,161,0,,,7.3,2.07,,
491,ARLINGTON 8,491,-97.15,32.64,North Central,Fort Worth,4,1,161,0,,,91.38,25.89,,
492,ROCKWALL 1,492,-96.44,32.85,North Central,Dallas,3,1,161,0,,,83.96,23.79,,
493,CORSICANA 2,493,-96.63,32.06,North Central,Corsicana,6,2,500,0,,,88.36,25.04,,
494,GARLAND 2,494,-96.62,32.93,North Central,Dallas,4,1,161,0,,,178.22,50.5,,
495,GATESVILLE 2,495,-97.73,31.48,North Central,Waco,2,1,161,0,,,3.82,1.08,,
496,CARROLLTON 3,496,-96.9,32.96,North Central,Dallas,2,1,161,0,,,139.09,39.41,,
497,FORT WORTH 26,497,-97.44,32.78,North Central,Fort Worth,2,1,161,0,,,80.23,22.73,,
498,RHOME,498,-97.46,33.09,North Central,Fort Worth,5,1,161,0,,,25.72,7.29,,
499,VENUS,499,-97.09,32.43,North Central,Fort Worth,5,1,161,0,,,24.98,7.08,,
500,OLNEY 2,500,-98.93,33.25,North Central,Jacksboro,2,1,161,0,,,15.41,4.37,,
501,CARROLLTON 1,501,-96.87,33.05,North Central,Dallas,4,1,161,0,,,64.82,18.37,,
502,DALLAS 20,502,-96.79,32.8,North Central,Dallas,4,1,161,0,,,78.84,22.34,,
503,GORDON,503,-98.33,32.59,North Central,Jacksboro,3,1,161,0,,,3.38,0.96,,
504,MERIDIAN,504,-97.71,31.92,North Central,Glen Rose,4,1,161,0,,,7.58,2.15,0,62.12
505,KILLEEN 4,505,-97.93,30.94,North Central,Waco,2,2,500,0,,,134.77,38.19,,
506,DUNCANVILLE 1,506,-96.91,32.66,North Central,Fort Worth,4,1,161,0,,,59.01,16.72,,
507,ARGYLE,507,-97.17,33.11,North Central,Fort Worth,3,1,161,0,,,55.26,15.66,,
508,BRYSON 1,508,-98.37,33.21,North Central,Jacksboro,5,3,500,150,112.5,-21.6,,,,
509,FORT WORTH 12,509,-97.33,32.76,North Central,Fort Worth,3,1,161,0,,,24.33,6.89,,
510,MINERAL WELLS,510,-98.13,32.8,North Central,Jacksboro,2,1,161,0,,,66.35,18.8,,
511,COOLIDGE,511,-96.76,31.66,North Central,Corsicana,2,1,161,0,,,4.81,1.36,,
512,RICE,512,-96.48,32.23,North Central,Corsicana,2,1,161,0,,,8.64,2.45,,
513,DALLAS 35,513,-96.84,33,North Central,Dallas,4,1,161,0,,,147.01,41.65,,
514,POOLVILLE,514,-97.91,33.06,North Central,Jacksboro,7,5,500,746.01,567.13,129.21,,,,
515,WALNUT SPRINGS,515,-97.74,32.08,North Central,Glen Rose,2,1,161,0,,,3.59,1.02,,
516,BEDFORD 2,516,-97.15,32.83,North Central,Fort Worth,3,1,161,0,,,39.64,11.23,,
517,HUBBARD,517,-96.81,31.85,North Central,Corsicana,3,1,161,0,,,6.91,1.96,,
518,FERRIS,518,-96.68,32.44,North Central,Corsicana,2,1,161,0,,,33.89,9.6,,
519,GARLAND 4,519,-96.65,32.88,North Central,Dallas,2,1,161,0,,,92.1,26.09,,
520,DALLAS 32,520,-96.84,32.71,North Central,Dallas,4,1,161,0,,,102.1,28.93,,
521,PILOT POINT,521,-96.93,33.37,North Central,Dallas,2,1,161,0,,,19.98,5.66,,
522,FORT WORTH 6,522,-97.27,32.72,North Central,Fort Worth,4,1,161,0,,,66.58,18.86,,
523,NORTH RICHLAND HILLS 2,523,-97.23,32.84,North Central,Fort Worth,5,1,161,0,,,100.33,28.43,0,450.8
524,JUSTIN,524,-97.34,33.1,North Central,Fort Worth,3,1,161,0,,,39.29,11.13,,
525,SCURRY,525,-96.44,32.46,North Central,Corsicana,2,1,161,0,,,13.35,3.78,0,30.67
526,SANGER,526,-97.21,33.37,North Central,Fort Worth,2,1,161,0,,,40.49,11.47,,
527,KILLEEN 1,527,-97.63,31.15,North Central,Waco,2,1,161,0,,,91.29,25.87,,
528,MABANK 1,528,-96.08,32.44,North Central,Corsicana,3,1,161,0,,,33.14,9.39,,
529,MEXIA,529,-96.47,31.65,North Central,Corsicana,2,1,161,0,,,34.79,9.86,,
530,CARROLLTON 2,530,-96.9,33.01,North Central,Dallas,5,1,161,0,,,154.87,43.88,,
531,NEVADA,531,-96.39,33.06,North Central,Dallas,2,1,161,0,,,13.06,3.7,,
532,ZEPHYR,532,-98.78,31.69,North Central,Central Texas,2,1,161,0,,,5.49,1.56,,
533,TERRELL 2,533,-96.3,32.76,North Central,Dallas,3,1,161,0,,,70.88,20.08,,
534,DALLAS 14,534,-96.76,32.67,North Central,Dallas,6,1,161,0,,,81.2,23.01,,
535,DALLAS 13,535,-96.76,32.75,North Central,Dallas,4,1,161,0,,,43.94,12.45,,
536,DALLAS 28,536,-96.81,32.81,North Central,Dallas,3,1,161,0,,,66.37,18.81,,
537,HAMILTON,537,-98.19,31.69,North Central,Glen Rose,3,1,161,0,,,14.93,4.23,,
538,ARLINGTON 7,538,-97.13,32.69,North Central,Fort Worth,3,1,161,0,,,49.97,14.16,,
539,EULESS 1,539,-97.09,32.86,North Central,Fort Worth,4,1,161,0,,,98.77,27.99,,
540,FRISCO 1,540,-96.79,33.16,North Central,Dallas,3,1,161,0,,,142.66,40.42,,
541,SALADO,541,-97.6,30.93,North Central,Waco,3,1,161,0,,,20.37,5.77,,
542,OLNEY 1,542,-98.71,33.38,North Central,Jacksboro,5,3,500,225,168.75,-32.4,,,,
543,GOLDTHWAITE 1,543,-98.47,31.38,North Central,Glen Rose,5,5,500,150,112.5,-21.6,,,,
544,FORT WORTH 22,544,-97.39,32.7,North Central,Fort Worth,2,1,161,0,,,65.13,18.45,,
545,GRAPEVINE,545,-97.07,32.93,North Central,Fort Worth,3,1,161,0,,,138.96,39.37,,
546,GLEN ROSE 2,546,-97.8,32.21,North Central,Glen Rose,3,1,161,0,,,21.21,6.01,,
547,KOPPERL,547,-97.58,32.12,North Central,Glen Rose,2,1,161,0,,,3.26,0.92,,
548,BEDFORD 1,548,-97.13,32.85,North Central,Fort Worth,3,1,161,0,,,101.02,28.62,,
549,FORT WORTH 29,549,-97.52,32.79,North Central,Fort Worth,4,1,161,0,,,114.68,32.49,,
550,DALLAS 5,550,-96.69,32.77,North Central,Dallas,8,1,161,0,,,165.09,46.77,,
551,GRAND PRAIRIE 2,551,-97.01,32.78,North Central,Fort Worth,5,1,161,0,,,123.12,34.88,,
552,DALLAS 22,552,-96.79,32.9,North Central,Dallas,4,1,161,0,,,80.8,22.89,,
553,FLOWER MOUND 1,553,-97.06,33.03,North Central,Fort Worth,4,1,161,0,,,126.68,35.89,,
554,ROANOKE,554,-97.23,33.01,North Central,Fort Worth,5,1,161,0,,,82.94,23.5,,
555,MILLSAP,555,-97.99,32.7,North Central,Jacksboro,2,1,161,0,,,9.43,2.67,,
556,FORRESTON,556,-96.84,32.24,North Central,Corsicana,4,1,161,0,,,1.3,0.37,,
557,ITALY,557,-96.85,32.18,North Central,Corsicana,3,1,161,0,,,9.9,2.8,,
558,FORNEY,558,-96.45,32.74,North Central,Dallas,2,1,161,0,,,100.19,28.39,,
559,LAVON,559,-96.45,33.01,North Central,Dallas,2,1,161,0,,,9.21,2.61,,
560,GLEN ROSE 1,560,-97.79,32.3,North Central,Glen Rose,4,4,500,2430,2235.64,75.87,,,,
561,DE LEON,561,-98.55,32.3,North Central,Central Texas,3,1,161,0,,,12.13,3.44,0,85.86
562,KELLER 1,562,-97.23,32.92,North Central,Fort Worth,6,1,161,0,,,103.94,29.45,,
563,CEDAR HILL,563,-96.96,32.58,North Central,Fort Worth,3,1,161,0,,,136.12,38.57,,
564,MC GREGOR,564,-97.53,31.41,North Central,Waco,3,1,161,0,,,39.32,11.14,,
565,COMMERCE,565,-95.79,33.32,North Central,Dallas,2,1,161,0,,,32.23,9.13,,
566,MIDLOTHIAN 2,566,-96.99,32.47,North Central,Fort Worth,3,1,161,0,,,86.96,24.64,,
567,WEST,567,-97.24,31.82,North Central,Waco,3,1,161,0,,,22.41,6.35,,
568,BARTLETT,568,-97.29,30.79,North Central,Waco,3,1,161,0,,,10.01,2.83,,
569,DALLAS 16,569,-96.77,32.79,North Central,Dallas,3,1,161,0,,,18.83,5.33,,
570,COPPELL,570,-96.98,32.96,North Central,Fort Worth,2,1,161,0,,,116,32.87,,
571,WILMER,571,-96.67,32.61,North Central,Dallas,3,1,161,0,,,11.87,3.36,,
572,DAWSON,572,-96.66,31.87,North Central,Corsicana,3,1,161,0,,,4.75,1.35,,
573,MART,573,-96.8,31.56,North Central,Corsicana,2,1,161,0,,,10.54,2.99,,
574,LITTLE ELM,574,-96.95,33.18,North Central,Dallas,3,1,161,0,,,104.8,29.69,,
575,TEMPLE 2,575,-97.25,31.08,North Central,Waco,2,1,161,0,,,50.69,14.36,,
576,TEMPLE 1,576,-97.32,31.06,North Central,Waco,5,5,500,803.19,533.98,-59.44,94.63,26.81,,
577,QUINLAN,577,-96.11,32.92,North Central,Dallas,2,1,161,0,,,44.65,12.65,,
578,CHICO,578,-97.86,33.32,North Central,Jacksboro,2,1,161,0,,,10.15,2.88,,
579,DUBLIN 2,579,-98.35,32.08,North Central,Glen Rose,3,1,161,0,,,30.18,8.55,,
580,ARLINGTON 2,580,-97.04,32.59,North Central,Fort Worth,2,1,161,0,,,186.78,52.92,,
581,WOLFE CITY,581,-95.95,33.42,North Central,Dallas,3,1,161,0,,,13.61,3.86,,
582,DALLAS 26,582,-96.8,32.94,North Central,Dallas,6,1,161,0,,,69.76,19.77,0,248.96
583,WHITNEY,583,-97.33,31.96,North Central,Glen Rose,3,1,161,0,,,30.34,8.6,,
584,FORT WORTH 25,584,-97.43,32.91,North Central,Fort Worth,4,1,161,0,,,144.17,40.85,,
585,FORT WORTH 27,585,-97.48,32.85,North Central,Fort Worth,4,1,161,0,,,62.05,17.58,,
586,JOSHUA,586,-97.54,32.43,North Central,Glen Rose,4,1,161,0,,,62.97,17.84,,
587,DALLAS 12,587,-96.75,32.87,North Central,Dallas,3,1,161,0,,,111.16,31.49,,
588,MCKINNEY 1,588,-96.6,33.17,North Central,Dallas,7,9,500,1358.4,1351.44,603.95,102.32,28.99,,
589,ALLEN 1,589,-96.61,33.09,North Central,Dallas,7,2,500,0,,,189.42,53.67,,
590,ALEDO 2,590,-97.63,32.7,North Central,Fort Worth,4,1,161,0,,,40.81,11.56,,
591,THE COLONY,591,-96.91,33.07,North Central,Dallas,3,1,161,0,,,143.56,40.67,,
592,SUNNYVALE,592,-96.55,32.8,North Central,Dallas,5,1,161,0,,,15.35,4.35,,
593,DALLAS 10,593,-96.75,32.83,North Central,Dallas,3,1,161,0,,,98.85,28.01,,
594,FORT WORTH 4,594,-97.25,32.87,North Central,Fort Worth,5,1,161,0,,,69.99,19.83,,
595,DALLAS 30,595,-96.83,32.85,North Central,Dallas,3,1,161,0,,,40.96,11.61,,
596,AZLE,596,-97.56,32.9,North Central,Fort Worth,2,1,161,0,,,81.81,23.18,,
597,HUTCHINS,597,-96.7,32.64,North Central,Dallas,6,1,161,0,,,16.12,4.57,,
598,VALLEY MILLS,598,-97.51,31.66,North Central,Waco,3,1,161,0,,,11.99,3.4,,
599,DENTON 6,599,-97.18,33.23,North Central,Fort Worth,2,1,161,0,,,31.74,8.99,,
600,MESQUITE 3,600,-96.63,32.82,North Central,Dallas,4,1,161,0,,,176.19,49.92,0,495.09
601,GRANBURY 1,601,-97.73,32.33,North Central,Glen Rose,6,5,500,788.4,159.73,9.91,,,,
602,DALLAS 2,602,-96.94,32.72,North Central,Fort Worth,11,5,500,852.21,849.85,433.77,219.44,62.17,,
603,MOUNT CALM,603,-96.89,31.75,North Central,Corsicana,2,1,161,0,,,4.01,1.14,,
604,RIESEL 2,604,-97.01,31.35,North Central,Waco,2,1,161,0,,,13.64,3.86,,
605,DALLAS 17,605,-96.78,32.71,North Central,Dallas,2,1,161,0,,,148.25,42,,
606,ARLINGTON 4,606,-97.08,32.75,North Central,Fort Worth,5,1,161,0,,,64.78,18.35,,
607,CELINA,607,-96.75,33.34,North Central,Dallas,3,1,161,0,,,26.36,7.47,,
608,FORT WORTH 16,608,-97.35,32.88,North Central,Fort Worth,3,1,161,0,,,85.12,24.12,,
609,RED OAK,609,-96.81,32.52,North Central,Corsicana,6,1,161,0,,,108.12,30.63,,
610,CLYDE,610,-99.52,32.27,North Central,Central Texas,3,1,161,0,,,23.95,6.78,,
611,IRVING 2,611,-96.94,32.89,North Central,Fort Worth,3,1,161,0,,,166.71,47.23,,
612,ROWLETT 1,612,-96.55,32.9,North Central,Dallas,6,1,161,0,,,74.14,21.01,,
613,JACKSBORO 2,613,-98.19,33.22,North Central,Jacksboro,2,1,161,0,,,18.78,5.32,,
614,GRANBURY 3,614,-97.63,32.56,North Central,Glen Rose,4,1,161,0,,,80.26,22.74,,
615,SOUTHLAKE,615,-97.15,32.96,North Central,Fort Worth,5,1,161,0,,,80.01,22.67,0,207.76
616,DALLAS 29,616,-96.82,32.79,North Central,Dallas,3,1,161,0,,,33.94,9.62,,
617,LEWISVILLE 1,617,-96.96,33.07,North Central,Fort Worth,9,3,161,215.9,215.9,63.48,38.7,10.97,,
618,DALLAS 36,618,-96.86,32.89,North Central,Dallas,3,1,161,0,,,94.71,26.84,,
619,HILLSBORO,619,-97.13,32.02,North Central,Corsicana,2,1,161,0,,,33.12,9.38,,
620,FORT WORTH 15,620,-97.34,32.71,North Central,Fort Worth,5,1,161,0,,,91.3,25.87,0,259.5
621,CISCO,621,-99.16,32.56,North Central,Central Texas,2,1,161,0,,,18.68,5.29,,
622,ITASCA,622,-97.15,32.16,North Central,Corsicana,2,1,161,0,,,9.25,2.62,,
623,LANCASTER 2,623,-96.78,32.62,North Central,Dallas,2,1,161,0,,,60.83,17.23,,
624,GARLAND 1,624,-96.58,32.86,North Central,Dallas,10,2,500,0,,,174.28,49.38,,
625,DALLAS 9,625,-96.74,32.79,North Central,Dallas,4,1,161,0,,,41.84,11.85,,
626,DUNCANVILLE 2,626,-96.92,32.64,North Central,Fort Worth,5,1,161,0,,,56.58,16.03,,
627,MESQUITE 1,627,-96.56,32.73,North Central,Dallas,3,1,161,0,,,77.72,22.02,,
628,MAYPEARL,628,-97.04,32.3,North Central,Corsicana,5,1,161,0,,,5.65,1.6,,
629,GARLAND 3,629,-96.65,32.96,North Central,Dallas,3,1,161,0,,,122.43,34.69,,
630,ALLEN 2,630,-96.69,33.11,North Central,Dallas,6,1,161,0,,,91.04,25.79,,
631,RIESEL 1,631,-96.96,31.47,North Central,Waco,5,3,500,1008,1005.21,-38.58,,,,
632,BRIDGEPORT,632,-97.92,33.2,North Central,Jacksboro,3,9,500,1290.38,1286.8,-87.29,33.91,9.61,,
633,LEWISVILLE 2,633,-97.06,33.08,North Central,Fort Worth,4,1,161,0,,,105.99,30.03,,
634,SEAGOVILLE,634,-96.54,32.61,North Central,Dallas,2,1,161,0,,,69,19.55,,
635,DALLAS 31,635,-96.84,32.93,North Central,Dallas,3,1,161,0,,,39.8,11.28,,
636,HALTOM CITY,636,-97.27,32.8,North Central,Fort Worth,2,1,161,0,,,156.99,44.48,,
637,BALCH SPRINGS,637,-96.62,32.72,North Central,Dallas,6,1,161,0,,,69.09,19.58,,
638,FORT WORTH 13,638,-97.33,32.68,North Central,Fort Worth,3,1,161,0,,,62.09,17.59,,
639,DALLAS 43,639,-96.94,32.68,North Central,Fort Worth,5,1,161,0,,,47.85,13.56,,
640,KILLEEN 2,640,-97.73,31.11,North Central,Waco,3,1,161,0,,,57.62,16.33,,
641,WACO 5,641,-97.2,31.54,North Central,Waco,2,1,161,0,,,68.06,19.28,0,117
642,FORT WORTH 9,642,-97.29,32.86,North Central,Fort Worth,2,1,161,0,,,164.73,46.67,,
643,ENNIS,643,-96.67,32.32,North Central,Corsicana,6,4,500,418,127.03,212.76,79.8,22.61,,
644,DALLAS 3,644,-96.68,32.71,North Central,Dallas,11,2,500,0,,,240.97,68.28,,
645,RICHARDSON 1,645,-96.66,32.99,North Central,Dallas,5,1,161,0,,,63.55,18,0,159.87
646,FORT WORTH 21,646,-97.38,32.74,North Central,Fort Worth,3,1,161,0,,,77.75,22.03,,
647,WACO 2,647,-97.1,31.62,North Central,Waco,6,2,500,0,,,87.47,24.78,,
648,ROGERS,648,-97.23,30.94,North Central,Waco,4,3,161,0,,,7.49,2.12,,
649,CHINA SPRING,649,-97.33,31.69,North Central,Waco,2,1,161,0,,,14.92,4.23,,
650,ALBANY 1,650,-99.42,32.77,North Central,Central Texas,7,6,500,165.6,124.2,35.27,,,,
651,MCKINNEY 2,651,-96.63,33.25,North Central,Dallas,2,1,161,0,,,108.27,30.68,,
652,GRANBURY 2,652,-97.7,32.4,North Central,Glen Rose,6,6,500,357.6,340.31,182,65.97,18.69,,
653,CLIFTON 2,653,-97.55,31.82,North Central,Glen Rose,3,1,161,0,,,21.28,6.03,,
654,FARMERSVILLE,654,-96.36,33.17,North Central,Dallas,3,1,161,0,,,26.57,7.53,,
655,ARLINGTON 10,655,-97.19,32.69,North Central,Fort Worth,2,1,161,0,,,92.56,26.22,,
656,KILLEEN 3,656,-97.75,31.01,North Central,Waco,6,2,500,0,,,120.07,34.02,0,183.33
657,WYLIE,657,-96.53,33.01,North Central,Dallas,3,1,161,0,,,144.59,40.97,,
658,PALO PINTO 1,658,-98.31,32.66,North Central,Jacksboro,5,7,500,603.6,601.93,-67,,,,
659,FORT WORTH 10,659,-97.31,32.98,North Central,Fort Worth,4,1,161,0,,,14.67,4.16,,
660,JOSEPHINE,660,-96.31,33.07,North Central,Dallas,3,1,161,0,,,2.01,0.57,0,174.12
661,LEWSIVILLE,661,-96.96,33.02,North Central,Fort Worth,4,3,161,15.6,12.37,-1.38,182.95,51.83,0,504.05
662,DALLAS 40,662,-96.88,32.81,North Central,Dallas,4,1,161,0,,,52.93,15,,
663,KEMP,663,-96.25,32.37,North Central,Corsicana,5,1,161,0,,,43.86,12.43,,
664,WAXAHACHIE 2,664,-96.92,32.36,North Central,Corsicana,4,1,161,0,,,25.31,7.17,,
665,HURST,665,-97.18,32.82,North Central,Fort Worth,4,1,161,0,,,85.26,24.16,,
666,FORT WORTH 18,666,-97.36,32.82,North Central,Fort Worth,3,1,161,0,,,106.17,30.08,,
667,WEATHERFORD 2,667,-97.79,32.75,North Central,Jacksboro,4,1,161,0,,,60.59,17.17,,
668,ROCKWALL 2,668,-96.45,32.94,North Central,Dallas,2,1,161,0,,,84.43,23.92,,
669,WEATHERFORD 3,669,-97.9,32.85,North Central,Jacksboro,2,1,161,0,,,42.02,11.91,,
670,FORT WORTH 3,670,-97.22,32.75,North Central,Fort Worth,3,1,161,0,,,116.98,33.14,,
671,NEWARK,671,-97.44,33,North Central,Fort Worth,4,1,161,0,,,9.96,2.82,,
672,SANTO,672,-98.17,32.6,North Central,Jacksboro,2,1,161,0,,,4.5,1.27,,
673,DALLAS 18,673,-96.79,32.93,North Central,Dallas,4,1,161,0,,,72.89,20.65,,
674,ELM MOTT,674,-97.07,31.7,North Central,Waco,2,1,161,0,,,9.01,2.55,,
675,FORT WORTH 17,675,-97.35,32.78,North Central,Fort Worth,3,1,161,0,,,50.24,14.24,,
676,WAXAHACHIE 1,676,-96.78,32.37,North Central,Corsicana,3,1,161,0,,,113.9,32.27,,
677,ARLINGTON 3,677,-97.08,32.72,North Central,Fort Worth,2,1,161,0,,,167.12,47.35,0,200.65
678,FORT WORTH 20,678,-97.38,32.65,North Central,Fort Worth,4,1,161,0,,,145.18,41.13,,
679,FORT WORTH 7,679,-97.27,32.75,North Central,Fort Worth,4,1,161,0,,,43.72,12.39,,
680,FORT WORTH 11,680,-97.32,32.73,North Central,Fort Worth,4,1,161,0,,,52.34,14.83,,
681,MIDLOTHIAN 1,681,-97.05,32.43,North Central,Fort Worth,6,2,500,2016.6,858.21,36.78,,,,
682,HEWITT,682,-97.2,31.45,North Central,Waco,2,1,161,0,,,40.66,11.52,,
683,ARLINGTON 11,683,-97.22,32.64,North Central,Fort Worth,4,1,161,0,,,154.46,43.76,,
684,GRAND PRAIRIE 3,684,-97.02,32.66,North Central,Fort Worth,6,2,500,0,,,266.99,75.65,,
685,MELISSA,685,-96.57,33.29,North Central,Dallas,2,1,161,0,,,17.1,4.84,,
686,COPPERAS COVE,686,-97.97,31.22,North Central,Waco,4,2,500,0,,,106.6,30.2,,
687,CLEBURNE 1,687,-97.33,32.39,North Central,Fort Worth,4,1,161,0,,,67.92,19.24,,
688,GREENVILLE 2,688,-96.08,33.07,North Central,Dallas,4,1,161,0,,,47.76,13.53,,
689,ALVORD,689,-97.67,33.37,North Central,Jacksboro,2,1,161,0,,,9.47,2.68,,
690,GORMAN,690,-98.99,32.12,North Central,Central Texas,2,1,161,0,,,12.62,3.58,,
691,COLLEYVILLE,691,-97.15,32.89,North Central,Fort Worth,3,1,161,0,,,103.54,29.34,,
692,HOLLAND,692,-97.38,30.88,North Central,Waco,4,3,161,0,,,14.16,4.01,,
693,TEMPLE 3,693,-97.37,31.14,North Central,Waco,2,1,161,0,,,72.8,20.63,,
694,DALLAS 34,694,-96.84,32.66,North Central,Dallas,3,1,161,0,,,86.05,24.38,,
695,IRVING 4,695,-96.97,32.83,North Central,Fort Worth,2,1,161,0,,,160.33,45.43,,
696,FRISCO 2,696,-96.86,33.15,North Central,Dallas,8,2,500,0,,,218.17,61.81,,
697,GATESVILLE 3,697,-97.74,31.47,North Central,Waco,3,1,161,0,,,7.44,2.11,,
698,DALLAS 25,698,-96.8,32.79,North Central,Dallas,4,1,161,0,,,28.23,8,,
699,DALLAS 37,699,-96.87,32.7,North Central,Fort Worth,3,1,161,0,,,42.13,11.94,,
700,FORT WORTH 19,700,-97.36,32.71,North Central,Fort Worth,4,1,161,0,,,8.5,2.41,,
701,WOODWAY,701,-97.26,31.53,North Central,Waco,4,1,161,0,,,70.52,19.98,,
702,MINGUS,702,-98.42,32.46,North Central,Jacksboro,4,1,161,0,,,1.44,0.41,,
703,THROCKMORTON,703,-99.27,33.19,North Central,Central Texas,2,1,161,0,,,4.57,1.29,,
704,NEMO,704,-97.66,32.27,North Central,Glen Rose,4,1,161,0,,,4.03,1.14,,
705,ABBOTT,705,-97.09,31.88,North Central,Corsicana,2,1,161,0,,,3.11,0.88,,
706,ALVARADO,706,-97.2,32.41,North Central,Fort Worth,2,1,161,0,,,59.28,16.8,,
707,CORSICANA 1,707,-96.35,32.04,North Central,Corsicana,2,1,161,0,,,10.97,3.11,,
708,HARKER HEIGHTS,708,-97.64,31.05,North Central,Waco,2,1,161,0,,,79.03,22.39,,
709,IRVING 3,709,-96.95,32.8,North Central,Fort Worth,5,1,161,0,,,137.94,39.08,0,119.21
710,BURLESON,710,-97.31,32.53,North Central,Fort Worth,11,2,500,0,,,179.23,50.78,,
711,FORT WORTH 28,711,-97.5,32.64,North Central,Fort Worth,3,1,161,0,,,58.18,16.49,,
712,DALLAS 23,712,-96.8,32.84,North Central,Dallas,3,1,161,0,,,69.18,19.6,0,263.39
713,NORTH RICHLAND HILLS 1,713,-97.21,32.89,North Central,Fort Worth,6,1,161,0,,,84.63,23.98,,
714,CROSS PLAINS,714,-99.29,32.01,North Central,Central Texas,2,1,161,0,,,6.29,1.78,,
715,BLOOMING GROVE,715,-96.72,32.12,North Central,Corsicana,2,1,161,0,,,4.69,1.33,,
716,CONVERSE,716,-98.29,29.49,South Central,San Marcos,3,1,115,0,,,103.81,29.41,0,251.67
717,SAN ANTONIO 46,717,-98.66,29.65,South Central,San Antonio,4,1,115,0,,,32.48,9.2,,
718,BASTROP,718,-97.27,30.15,South Central,Bastrop,7,8,500,1233.99,805.75,215.12,75.48,21.39,,
719,MARION 2,719,-98.05,29.6,South Central,San Marcos,2,1,115,0,,,24.02,6.81,,
720,PAIGE,720,-97.22,30.3,South Central,Bastrop,4,1,115,0,,,13.51,3.83,0,99.43
721,SAN ANTONIO 42,721,-98.59,29.37,South Central,San Antonio,4,1,115,0,,,94.89,26.89,,
722,WAELDER,722,-97.3,29.7,South Central,Gonzales,3,1,115,0,,,5.51,1.56,,
723,ATASCOSA,723,-98.74,29.28,South Central,San Antonio,3,1,115,0,,,24.76,7.02,,
724,SAN ANTONIO 40,724,-98.57,29.46,South Central,San Antonio,6,1,115,0,,,176.43,49.99,,
725,CIBOLO,725,-98.22,29.58,South Central,San Marcos,6,1,115,0,,,83.31,23.6,,
726,AUSTIN 6,726,-97.66,30.24,South Central,Austin,6,1,115,0,,,2.46,0.7,,
727,AUSTIN 25,727,-97.77,30.29,South Central,Austin,8,1,115,0,,,59.07,16.74,,
728,HORSESHOE BAY,728,-98.38,30.53,South Central,Austin,2,1,115,0,,,16.53,4.68,,
729,LEANDER 1,729,-97.91,30.56,South Central,Austin,7,3,500,0,,,132.89,37.65,,
730,AUSTIN 10,730,-97.69,30.3,South Central,Austin,3,1,115,0,,,84.99,24.08,0,261.78
731,SAN ANTONIO 31,731,-98.53,29.59,South Central,San Antonio,5,1,115,0,,,64.63,18.31,0,392.74
732,SAN ANTONIO 49,732,-98.71,29.34,South Central,San Antonio,4,1,115,0,,,22.12,6.27,,
733,ELGIN,733,-97.36,30.34,South Central,Austin,3,1,115,0,,,64.98,18.41,,
734,AUSTIN 31,734,-97.86,30.22,South Central,Austin,5,1,115,0,,,103.35,29.28,,
735,RUNGE,735,-97.89,28.95,South Central,Gonzales,2,1,115,0,,,6.98,1.98,,
736,YOAKUM,736,-97.08,29.2,South Central,Gonzales,4,2,230,0,,,29.18,8.27,,
737,AUSTIN 37,737,-97.96,30.32,South Central,Austin,2,1,115,0,,,36.4,10.31,,
738,PFLUGERVILLE,738,-97.59,30.44,South Central,Austin,11,3,500,0,,,206.37,58.47,,
739,SAN ANTONIO 12,739,-98.41,29.59,South Central,San Marcos,10,2,230,0,,,147.53,41.8,,
740,AUSTIN 3,740,-97.78,30.29,South Central,Austin,8,5,500,373.6,0,68.01,80.78,22.89,,
741,SAN ANTONIO 48,741,-98.68,29.46,South Central,San Antonio,4,1,115,0,,,148.3,42.02,,
742,SAN ANTONIO 19,742,-98.46,29.42,South Central,San Antonio,5,1,115,0,,,18.3,5.18,,
743,SAN ANTONIO 2,743,-98.61,29.59,South Central,San Antonio,9,10,500,247,171.72,84.58,149.85,42.46,,
744,BERGHEIM,744,-98.56,29.9,South Central,San Antonio,2,1,115,0,,,4.93,1.4,,
745,NEW BRAUNFELS 2,745,-98.07,29.7,South Central,San Marcos,9,3,500,0,,,178.64,50.61,,
746,D HANIS,746,-99.33,29.29,South Central,San Antonio,2,1,115,0,,,3.44,0.97,,
747,SAN ANTONIO 24,747,-98.49,29.7,South Central,San Antonio,4,1,115,0,,,74.53,21.12,,
748,AUSTIN 7,748,-97.67,30.38,South Central,Austin,4,1,115,0,,,147.9,41.91,,
749,BRENHAM,749,-96.41,30.22,South Central,Bastrop,5,3,500,0,,,82.48,23.37,,
750,BERTRAM,750,-98.05,30.77,South Central,Austin,2,1,115,0,,,14.86,4.21,,
751,MARION 1,751,-98.14,29.62,South Central,San Marcos,10,9,500,1088.22,623.6,130.37,,,,
752,LA GRANGE,752,-96.75,29.92,South Central,Bastrop,7,6,500,1689.99,1135.17,-206.19,,,,
753,MARBLE FALLS 1,753,-98.26,30.56,South Central,Austin,2,3,115,130.6,106.67,24.23,,,,
754,ROUND ROCK 1,754,-97.69,30.56,South Central,Austin,2,7,115,102.1,72.44,0,,,,
755,WIMBERLEY,755,-98.14,30.03,South Central,Austin,2,1,115,0,,,37.81,10.71,0,81.46
756,GONZALES,756,-97.45,29.48,South Central,Gonzales,2,1,115,0,,,35.66,10.1,0,48.52
757,SAN ANTONIO 11,757,-98.4,29.69,South Central,San Marcos,2,1,115,0,,,40.54,11.49,,
758,SAN ANTONIO 14,758,-98.43,29.63,South Central,San Marcos,5,1,115,0,,,67.98,19.26,,
759,HUTTO,759,-97.55,30.56,South Central,Austin,4,1,115,0,,,68.37,19.37,,
760,LULING,760,-97.47,29.7,South Central,Gonzales,4,1,115,0,,,25.78,7.3,0,82.98
761,SAN ANTONIO 21,761,-98.47,29.59,South Central,San Antonio,3,1,115,0,,,105.36,29.85,,
762,AUSTIN 12,762,-97.71,30.39,South Central,Austin,4,1,115,0,,,132.22,37.46,,
763,SAN ANTONIO 15,763,-98.44,29.46,South Central,San Antonio,3,1,115,0,,,21.38,6.06,,
764,ADKINS,764,-98.24,29.35,South Central,San Marcos,3,1,115,0,,,37.71,10.69,,
765,WINCHESTER,765,-96.99,30.04,South Central,Bastrop,6,6,500,242,241.33,123.17,34.21,9.69,0,62.95
766,ROCKDALE 1,766,-97.06,30.57,South Central,Bastrop,7,5,500,1252.1,594.83,176.98,14.44,4.09,,
767,NATALIA,767,-98.84,29.2,South Central,San Antonio,3,1,115,0,,,16.16,4.58,,
768,AUSTIN 20,768,-97.74,30.27,South Central,Austin,5,1,115,0,,,20.52,5.81,,
769,SAN ANTONIO 43,769,-98.62,29.47,South Central,San Antonio,2,1,115,0,,,70.54,19.99,,
770,SAN ANTONIO 5,770,-98.36,29.56,South Central,San Marcos,5,1,115,0,,,131.13,37.15,,
771,TAYLOR,771,-97.38,30.47,South Central,Austin,2,1,115,0,,,56.85,16.11,,
772,SMITHVILLE,772,-97.18,30.01,South Central,Bastrop,4,1,115,0,,,27.2,7.71,,
773,CEDAR PARK,773,-97.82,30.5,South Central,Austin,7,3,500,0,,,195.3,55.33,,
774,SAN ANTONIO 25,774,-98.49,29.54,South Central,San Antonio,5,1,115,0,,,120.8,34.23,,
775,HALLETTSVILLE,775,-96.84,29.38,South Central,Gonzales,2,1,115,0,,,22.71,6.43,,
776,AUSTIN 5,776,-97.64,30.36,South Central,Austin,5,1,115,0,,,45.11,12.78,,
777,NEW BRAUNFELS 3,777,-98.19,29.76,South Central,San Marcos,6,1,115,0,,,57.42,16.27,,
778,SUTHERLAND SPRINGS,778,-98.06,29.29,South Central,San Marcos,2,1,115,0,,,2.59,0.73,,
779,AUSTIN 34,779,-97.89,30.18,South Central,Austin,6,1,115,0,,,50.38,14.27,,
780,CAMERON,780,-96.91,30.89,South Central,Bastrop,3,1,115,0,,,25.24,7.15,0,9.41
781,SAN ANTONIO 35,781,-98.53,29.31,South Central,San Antonio,3,1,115,0,,,52.8,14.96,,
782,MEDINA,782,-99.32,29.68,South Central,San Antonio,2,1,115,0,,,9.86,2.79,,
783,MANCHACA,783,-97.87,30.13,South Central,Austin,3,1,115,0,,,13.4,3.8,,
784,SPRING BRANCH,784,-98.39,29.89,South Central,San Marcos,2,1,115,0,,,43.85,12.43,,
785,AUSTIN 19,785,-97.74,30.32,South Central,Austin,2,1,115,0,,,64.74,18.34,,
786,FLATONIA,786,-97.16,29.73,South Central,Bastrop,2,1,115,0,,,10.44,2.96,,
787,GRANGER,787,-97.41,30.71,South Central,Austin,2,1,115,0,,,7.62,2.16,,
788,FAYETTEVILLE,788,-96.7,30.04,South Central,Bastrop,2,1,115,0,,,21.71,6.15,,
789,GEORGETOWN 2,789,-97.75,30.65,South Central,Austin,2,1,115,0,,,71.18,20.17,,
790,AUSTIN 35,790,-97.9,30.38,South Central,Austin,3,1,115,0,,,42.18,11.95,,
791,PIPE CREEK,791,-98.91,29.69,South Central,San Antonio,2,1,115,0,,,27.68,7.84,,
792,RED ROCK,792,-97.36,29.84,South Central,Bastrop,2,1,115,0,,,9.61,2.72,,
793,JARRELL,793,-97.5,30.82,South Central,Austin,2,1,115,0,,,11.69,3.31,,
794,SAN ANTONIO 1,794,-98.34,29.43,South Central,San Marcos,12,9,500,3276.4,1148.37,164.84,,,,
795,SAN ANTONIO 36,795,-98.56,29.55,South Central,San Antonio,4,1,115,0,,,117.27,33.23,,
796,SCHULENBURG,796,-96.93,29.69,South Central,Bastrop,3,1,115,0,,,16.14,4.57,0,58.36
797,SAN ANTONIO 22,797,-98.48,29.28,South Central,San Antonio,6,2,230,0,,,107.97,30.59,,
798,DRIPPING SPRINGS,798,-98.13,30.22,South Central,Austin,2,1,115,0,,,43.1,12.21,,
799,SAN ANTONIO 26,799,-98.49,29.2,South Central,San Antonio,2,1,115,0,,,37.02,10.49,,
800,MARBLE FALLS 3,800,-98.21,30.58,South Central,Austin,3,1,115,0,,,52.66,14.92,,
801,BOERNE 1,801,-98.65,29.75,South Central,San Antonio,2,1,115,0,,,28.81,8.16,,
802,WASHINGTON,802,-96.19,30.29,South Central,Bastrop,2,1,115,0,,,5.64,1.6,0,70.92
803,SCHERTZ,803,-98.26,29.55,South Central,San Marcos,6,1,115,0,,,91.04,25.79,,
804,AUSTIN 8,804,-97.68,30.27,South Central,Austin,7,1,115,0,,,98.28,27.85,,
805,SEGUIN 1,805,-97.97,29.59,South Central,San Marcos,8,7,500,940.2,285.75,139.35,,,,
806,SAN ANTONIO 45,806,-98.63,29.41,South Central,San Antonio,5,1,115,0,,,138.23,39.17,,
807,SAN ANTONIO 52,807,-98.89,29.36,South Central,San Antonio,5,3,500,0,,,113.76,32.23,,
808,CUERO 2,808,-97.28,29.1,South Central,Gonzales,4,2,230,0,,,35.48,10.05,,
809,SAN ANTONIO 10,809,-98.4,29.49,South Central,San Marcos,5,1,115,0,,,95.75,27.13,,
810,AUSTIN 16,810,-97.73,30.28,South Central,Austin,7,1,115,0,,,96.6,27.37,,
811,AUSTIN 39,811,-98.03,30.11,South Central,Austin,5,1,115,0,,,45.32,12.84,,
812,SAN ANTONIO 51,812,-98.73,29.54,South Central,San Antonio,10,2,230,0,,,134.45,38.09,0,434.34
813,SAN ANTONIO 41,813,-98.58,29.66,South Central,San Antonio,2,1,115,0,,,11.85,3.36,,
814,LA VERNIA,814,-98.11,29.35,South Central,San Marcos,2,1,115,0,,,34.14,9.67,,
815,MANOR,815,-97.52,30.34,South Central,Austin,3,1,115,0,,,49.13,13.92,,
816,SAN ANTONIO 38,816,-98.57,29.34,South Central,San Antonio,2,1,115,0,,,95.83,27.15,,
817,GIDDINGS,817,-96.92,30.17,South Central,Bastrop,2,1,115,0,,,26.97,7.64,,
818,AUSTIN 32,818,-97.87,30.27,South Central,Austin,4,1,115,0,,,48.39,13.71,,
819,AUSTIN 38,819,-97.96,30.26,South Central,Austin,2,1,115,0,,,20.84,5.9,,
820,AUSTIN 30,820,-97.84,30.43,South Central,Austin,4,1,115,0,,,39.37,11.15,,
821,AUSTIN 28,821,-97.8,30.42,South Central,Austin,4,1,115,0,,,80.44,22.79,,
822,COLUMBUS,822,-96.43,29.7,South Central,Bastrop,4,2,230,0,,,27.37,7.75,,
823,SHINER,823,-97.08,29.56,South Central,Gonzales,2,1,115,0,,,18.47,5.23,,
824,SAN ANTONIO 3,824,-98.34,29.66,South Central,San Marcos,3,1,115,0,,,16.77,4.75,,
825,CALDWELL,825,-96.68,30.54,South Central,Bastrop,4,2,230,0,,,35.69,10.11,,
826,AUSTIN 18,826,-97.74,30.13,South Central,Austin,4,1,115,0,,,44.42,12.59,,
827,INDUSTRY,827,-96.45,30.02,South Central,Bastrop,2,1,115,0,,,2.66,0.75,,
828,DALE,828,-97.57,29.94,South Central,Austin,2,1,115,0,,,21.28,6.03,,
829,SAN ANTONIO 37,829,-98.57,29.5,South Central,San Antonio,11,3,500,0,,,239.74,67.93,,
830,SAN ANTONIO 18,830,-98.46,29.44,South Central,San Antonio,3,1,115,0,,,46.28,13.11,,
831,SAN ANTONIO 33,831,-98.53,29.39,South Central,San Antonio,3,1,115,0,,,39.07,11.07,,
832,MARTINDALE,832,-97.79,29.66,South Central,San Marcos,3,1,115,0,,,16.63,4.71,,
833,SAN ANTONIO 17,833,-98.46,29.49,South Central,San Antonio,3,1,115,0,,,117.59,33.32,,
834,SAN ANTONIO 23,834,-98.48,29.44,South Central,San Antonio,4,1,115,0,,,7.81,2.21,,
835,AUSTIN 29,835,-97.82,30.17,South Central,Austin,3,1,115,0,,,121.95,34.55,,
836,LEXINGTON,836,-96.84,30.35,South Central,Bastrop,2,1,115,0,,,18.83,5.34,,
837,LEANDER 2,837,-97.97,30.45,South Central,Austin,3,1,115,0,,,29.32,8.31,0,164.6
838,AUSTIN 15,838,-97.72,30.43,South Central,Austin,4,1,115,0,,,140.96,39.94,,
839,MICO,839,-98.85,29.5,South Central,San Antonio,3,1,115,0,,,7.52,2.13,,
840,MARBLE FALLS 2,840,-98.34,30.56,South Central,Austin,8,7,500,1834.8,1834.8,193.44,,,,
841,AUSTIN 36,841,-97.95,30.38,South Central,Austin,2,1,115,0,,,52.96,15.01,,
842,LOCKHART,842,-97.68,29.87,South Central,Austin,2,1,115,0,,,51.24,14.52,,
843,AUSTIN 17,843,-97.73,30.35,South Central,Austin,5,1,115,0,,,63.93,18.11,,
844,SAN ANTONIO 13,844,-98.42,29.54,South Central,San Marcos,7,1,115,0,,,96.5,27.34,,
845,FALLS CITY,845,-98.24,28.87,South Central,San Marcos,3,1,115,0,,,9.16,2.6,0,65.79
846,AUSTIN 27,846,-97.8,30.21,South Central,Austin,11,2,230,0,,,166.84,47.27,,
847,AUSTIN 23,847,-97.76,30.4,South Central,Austin,3,1,115,0,,,116.67,33.06,,
848,SAN ANTONIO 27,848,-98.49,29.46,South Central,San Antonio,6,1,115,0,,,85.25,24.15,,
849,BLANCO,849,-98.57,30.18,South Central,San Antonio,2,1,115,0,,,18.02,5.11,,
850,AUSTIN 24,850,-97.77,30.24,South Central,Austin,5,1,115,0,,,126.35,35.8,,
851,SAN MARCOS,851,-97.97,29.88,South Central,San Marcos,6,3,500,0,,,191.51,54.26,0,342.7
852,BUDA,852,-97.84,30.08,South Central,Austin,3,1,115,0,,,70.51,19.98,,
853,DEL VALLE,853,-97.61,30.15,South Central,Austin,3,1,115,0,,,66.63,18.88,,
854,AUSTIN 4,854,-97.62,30.3,South Central,Austin,2,1,115,0,,,65.09,18.44,,
855,SAN ANTONIO 50,855,-98.73,29.4,South Central,San Antonio,10,3,500,0,,,169.53,48.03,,
856,BURLINGTON,856,-97.12,31.02,South Central,Bastrop,3,1,115,0,,,1.88,0.53,,
857,AUSTIN 13,857,-97.71,30.23,South Central,Austin,3,1,115,0,,,134.8,38.19,,
858,ELMENDORF,858,-98.38,29.26,South Central,San Marcos,8,11,500,1687.99,1683.31,408.82,175.73,49.79,,
859,SAN ANTONIO 6,859,-98.36,29.52,South Central,San Marcos,2,1,115,0,,,86.21,24.43,,
860,CANYON LAKE,860,-98.23,29.97,South Central,San Marcos,2,1,115,0,,,51.25,14.52,,
861,JOHNSON CITY,861,-98.36,30.4,South Central,Austin,2,1,115,0,,,13.48,3.82,,
862,YORKTOWN,862,-97.43,28.86,South Central,Gonzales,3,1,115,0,,,13.2,3.74,,
863,AUSTIN 2,863,-97.61,30.21,South Central,Austin,7,7,500,696.4,244.02,-60.81,18.25,5.17,,
864,LACKLAND A F B,864,-98.62,29.39,South Central,San Antonio,2,1,115,0,,,31.18,8.83,,
865,LIBERTY HILL,865,-97.94,30.69,South Central,Austin,4,1,115,0,,,28.4,8.05,,
866,KENEDY,866,-97.89,28.73,South Central,Gonzales,4,2,230,0,,,34.97,9.91,,
867,CUERO 1,867,-97.31,29.13,South Central,Gonzales,2,10,115,75.2,31.8,12.09,,,,
868,SAN ANTONIO 20,868,-98.46,29.4,South Central,San Antonio,3,1,115,0,,,110.59,31.34,,
869,VON ORMY,869,-98.62,29.24,South Central,San Antonio,2,1,115,0,,,39.92,11.31,,
870,KYLE,870,-97.81,29.9,South Central,Austin,4,2,230,0,,,135.68,38.44,,
871,SEGUIN 2,871,-97.94,29.54,South Central,San Marcos,5,2,230,0,,,136.02,38.54,,
872,UNIVERSAL CITY,872,-98.28,29.53,South Central,San Marcos,2,1,115,0,,,60.45,17.13,,
873,SPICEWOOD,873,-98.11,30.43,South Central,Austin,2,1,115,0,,,26.19,7.42,,
874,SAINT HEDWIG,874,-98.21,29.44,South Central,San Marcos,2,1,115,0,,,6.88,1.95,,
875,SAN ANTONIO 16,875,-98.44,29.35,South Central,San Antonio,5,1,115,0,,,71.09,20.14,,
876,BOERNE 2,876,-98.71,29.86,South Central,San Antonio,6,2,230,0,,,82.67,23.42,0,96.22
877,SAN ANTONIO 32,877,-98.53,29.42,South Central,San Antonio,8,2,230,0,,,166.54,47.19,,
878,AUSTIN 26,878,-97.77,30.35,South Central,Austin,4,1,115,0,,,73.84,20.92,,
879,AUSTIN 21,879,-97.75,30.49,South Central,Austin,4,1,115,0,,,67.61,19.16,,
880,SAN ANTONIO 44,880,-98.62,29.62,South Central,San Antonio,5,1,115,0,,,20.57,5.83,,
881,CEDAR CREEK 1,881,-97.55,30.15,South Central,Austin,7,6,500,618.69,188.05,-68.01,,,,
882,NEW BRAUNFELS 1,882,-98.02,29.74,South Central,San Marcos,5,8,500,992.2,953.53,-109.76,,,,
883,AUSTIN 11,883,-97.7,30.33,South Central,Austin,2,1,115,0,,,54.19,15.35,,
884,SAN ANTONIO 39,884,-98.57,29.42,South Central,San Antonio,3,1,115,0,,,130.73,37.04,,
885,HONDO,885,-99.14,29.43,South Central,San Antonio,5,2,230,0,,,41.1,11.65,,
886,SAN ANTONIO 4,886,-98.35,29.47,South Central,San Marcos,3,1,115,0,,,92.27,26.14,,
887,NEW ULM,887,-96.69,29.81,South Central,Bastrop,2,1,115,0,,,8.58,2.43,,
888,SAN ANTONIO 8,888,-98.39,29.45,South Central,San Marcos,9,1,115,0,,,45.68,12.94,,
889,AUSTIN 33,889,-97.88,30.32,South Central,Austin,5,1,115,0,,,26.29,7.45,,
890,BULVERDE,890,-98.45,29.77,South Central,San Antonio,2,1,115,0,,,29.51,8.36,,
891,GEORGETOWN 3,891,-97.81,30.84,South Central,Austin,5,5,230,0,,,70.22,19.9,,
892,SAN ANTONIO 9,892,-98.39,29.42,South Central,San Marcos,5,1,115,0,,,47.89,13.57,0,229.11
893,FLORESVILLE,893,-98.08,29.07,South Central,San Marcos,4,2,230,0,,,66.07,18.72,,
894,SAN ANTONIO 29,894,-98.51,29.4,South Central,San Antonio,4,1,115,0,,,33.38,9.46,,
895,SAN ANTONIO 7,895,-98.37,29.35,South Central,San Marcos,5,1,115,0,,,58.22,16.5,,
896,BUCKHOLTS,896,-97.15,30.85,South Central,Bastrop,2,1,115,0,,,4.74,1.34,,
897,SOMERVILLE,897,-96.44,30.47,South Central,Bastrop,2,1,115,0,,,15.43,4.37,,
898,WEIMAR,898,-96.65,29.49,South Central,Bastrop,3,1,115,0,,,17.61,4.99,,
899,COMFORT,899,-98.9,29.97,South Central,San Antonio,2,1,115,0,,,27.95,7.92,,
900,NORDHEIM,900,-97.63,28.91,South Central,Gonzales,2,1,115,0,,,1.79,0.51,,
901,AUSTIN 9,901,-97.68,30.18,South Central,Austin,3,1,115,0,,,133.75,37.9,,
902,AUSTIN 22,902,-97.76,30.46,South Central,Austin,5,1,115,0,,,81.32,23.04,0,145.59
903,HELOTES,903,-98.75,29.61,South Central,San Antonio,2,1,115,0,,,73,20.68,,
904,SAN ANTONIO 47,904,-98.66,29.5,South Central,San Antonio,6,3,500,0,,,164.71,46.67,,
905,BANDERA,905,-99.1,29.71,South Central,San Antonio,2,1,115,0,,,26.07,7.39,,
906,SAN ANTONIO 30,906,-98.52,29.52,South Central,San Antonio,5,1,115,0,,,121.19,34.34,,
907,ROCKDALE 2,907,-96.83,30.7,South Central,Bastrop,2,1,115,0,,,33.61,9.52,,
908,CEDAR CREEK 2,908,-97.5,30.09,South Central,Austin,2,1,115,0,,,34.37,9.74,,
909,NIXON,909,-97.74,29.43,South Central,Gonzales,3,1,115,0,,,29.18,8.27,,
910,CHAPPELL HILL,910,-96.26,30.12,South Central,Bastrop,3,1,115,0,,,6.3,1.79,,
911,ROUND ROCK 3,911,-97.65,30.5,South Central,Austin,7,3,500,0,,,158.8,44.99,,
912,AUSTIN 14,912,-97.71,30.29,South Central,Austin,3,1,115,0,,,17.7,5.02,,
913,OILTON,913,-99.01,27.49,South,Laredo,6,3,500,92,69,-13.25,,,0,4.37
914,AUSTIN 1,914,-97.84,30.4,South Central,Austin,7,3,500,962.8,251.93,421.97,23.86,6.76,,
915,SAN ANTONIO 28,915,-98.5,29.63,South Central,San Antonio,3,1,115,0,,,121.76,34.5,,
916,ROUND ROCK 2,916,-97.65,30.54,South Central,Austin,5,1,115,0,,,107.96,30.59,,
917,ROUND ROCK 4,917,-97.73,30.53,South Central,Austin,4,2,230,0,,,151.82,43.02,,
918,SAN ANTONIO 34,918,-98.53,29.47,South Central,San Antonio,4,1,115,0,,,135.92,38.51,0,385.21
919,DEVINE,919,-99.17,29.14,South Central,San Antonio,2,1,115,0,,,30.83,8.74,,
920,GEORGETOWN 1,920,-97.62,30.66,South Central,Austin,3,1,115,0,,,77.99,22.1,0,166.11
921,BURNET,921,-98.28,30.8,South Central,Austin,3,2,230,0,,,38.93,11.03,,
922,INEZ,922,-96.89,28.84,Coast,Victoria,3,1,115,0,,,9.3,2.64,,
923,PASADENA 2,923,-95.18,29.72,Coast,East Houston,14,8,500,815,812.74,211,221.92,62.88,,
924,PRAIRIE VIEW,924,-95.99,30.09,Coast,Spring,3,1,115,0,,,15.65,4.43,,
925,CONROE 1,925,-95.31,30.29,Coast,Spring,2,1,115,0,,,35.79,10.14,,
926,SIMONTON,926,-95.95,29.69,Coast,Houston,2,1,115,0,,,0.94,0.27,,
927,HOUSTON 80,927,-95.57,29.98,Coast,Spring,3,1,115,0,,,138.05,39.11,,
928,HOUSTON 1,928,-95.25,29.81,Coast,East Houston,4,2,115,4,0,0,52.81,14.96,,
929,HOUSTON 9,929,-95.15,29.83,Coast,East Houston,9,1,115,0,,,85.56,24.24,,
930,HOUSTON 73,930,-95.52,29.82,Coast,Houston,8,1,115,0,,,135.83,38.48,,
931,NURSERY,931,-97.14,28.89,Coast,Victoria,7,8,500,215.2,211.41,107.91,75.38,21.36,,
932,BACLIFF,932,-94.99,29.51,Coast,East Houston,5,1,115,0,,,43.39,12.29,,
933,SPRING 1,933,-95.36,30.1,Coast,Spring,5,1,115,0,,,109.22,30.95,,
934,HOUSTON 72,934,-95.52,29.65,Coast,Houston,5,1,115,0,,,77.01,21.82,0,494.87
935,PORT LAVACA,935,-96.83,28.57,Coast,Victoria,4,6,230,63.2,44.1,0,,,,
936,CONROE 5,936,-95.44,30.31,Coast,Spring,7,2,230,0,,,92.31,26.15,,
937,SUGAR LAND 3,937,-95.71,29.67,Coast,Houston,11,3,500,0,,,235.5,66.73,,
938,DAYTON,938,-94.92,30.05,Coast,East Houston,6,2,230,0,,,93.88,26.6,,
939,VICTORIA 2,939,-97.01,28.79,Coast,Victoria,6,5,500,376.9,375.86,92.54,124.64,35.32,,
940,KATY 1,940,-95.73,29.84,Coast,Houston,8,3,500,0,,,283.15,80.22,,
941,MAGNOLIA 2,941,-95.75,30.16,Coast,Spring,3,1,115,0,,,72.03,20.41,,
942,HOUSTON 29,942,-95.34,29.86,Coast,Houston,5,1,115,0,,,140.79,39.89,,
943,MISSOURI CITY 1,943,-95.52,29.6,Coast,Houston,7,1,115,0,,,106.66,30.22,,
944,RICHMOND 1,944,-95.68,29.48,Coast,Houston,6,1,115,0,,,105.96,30.02,,
945,HOUSTON 11,945,-95.18,29.91,Coast,East Houston,3,1,115,0,,,92.85,26.31,,
946,HOUSTON 33,946,-95.36,29.72,Coast,Houston,8,1,115,0,,,98.08,27.79,,
947,SPRING 8,947,-95.55,30.19,Coast,Spring,6,2,230,0,,,106.11,30.06,,
948,POINT COMFORT 2,948,-96.54,28.69,Coast,Victoria,5,9,500,689.4,435.73,-76.5,,,,
949,HOUSTON 28,949,-95.34,29.91,Coast,Houston,3,1,115,0,,,82.69,23.43,,
950,EL CAMPO,950,-96.28,29.21,Coast,Bay City,2,2,230,0,,,51.16,14.5,,
951,HOUSTON 12,951,-95.19,29.62,Coast,East Houston,4,1,115,0,,,101.03,28.63,,
952,PORT O CONNOR,952,-96.49,28.44,Coast,Victoria,2,1,115,0,,,3.76,1.07,,
953,DICKINSON,953,-95.03,29.46,Coast,East Houston,4,1,115,0,,,116.42,32.99,,
954,GALVESTON 1,954,-94.78,29.31,Coast,Galveston,3,2,230,0,,,69.13,19.59,,
955,HOUSTON 10,955,-95.17,29.76,Coast,East Houston,7,1,115,0,,,160.86,45.58,0,353.64
956,BAYTOWN 2,956,-94.9,29.77,Coast,East Houston,8,7,500,914.6,656.44,122.11,,,,
957,LEAGUE CITY,957,-95.09,29.5,Coast,East Houston,7,2,230,0,,,214.74,60.84,,
958,LIVERPOOL,958,-95.28,29.28,Coast,Galveston,4,1,115,0,,,4.1,1.16,,
959,HOUSTON 16,959,-95.26,29.76,Coast,East Houston,5,1,115,0,,,53.44,15.14,,
960,SUGAR LAND 1,960,-95.61,29.62,Coast,Houston,17,1,115,0,,,74.22,21.03,,
961,RICHMOND 2,961,-95.79,29.65,Coast,Houston,3,1,115,0,,,101.05,28.63,,
962,HOUSTON 82,962,-95.58,29.81,Coast,Houston,4,1,115,0,,,70.07,19.85,0,326.32
963,PINEHURST,963,-95.67,30.16,Coast,Spring,4,1,115,0,,,13.8,3.91,,
964,PEARLAND 2,964,-95.35,29.55,Coast,Houston,4,1,115,0,,,210.68,59.69,0,323.81
965,HOUSTON 47,965,-95.42,29.73,Coast,Houston,5,1,115,0,,,39.23,11.11,,
966,HOUSTON 79,966,-95.56,29.74,Coast,Houston,5,1,115,0,,,109.15,30.93,,
967,HOUSTON 49,967,-95.43,29.83,Coast,Houston,2,1,115,0,,,76.69,21.73,,
968,WADSWORTH,968,-96.05,28.8,Coast,Bay City,4,5,500,2708.6,2586.65,184.72,,,,
969,HOUSTON 18,969,-95.27,29.72,Coast,East Houston,11,1,115,0,,,62.16,17.61,,
970,HOUSTON 88,970,-95.65,29.69,Coast,Houston,5,1,115,0,,,212.51,60.21,,
971,TOMBALL 1,971,-95.59,30.09,Coast,Spring,3,1,115,0,,,118.05,33.45,,
972,HOUSTON 22,972,-95.31,29.74,Coast,East Houston,4,1,115,0,,,58.64,16.61,,
973,DEER PARK,973,-95.13,29.72,Coast,East Houston,10,12,500,1428,1424.04,472.18,92.07,26.09,,
974,WALLIS,974,-96.06,29.63,Coast,Bay City,4,1,115,0,,,12.16,3.45,,
975,HOUSTON 67,975,-95.49,29.92,Coast,Houston,6,1,115,0,,,84.03,23.81,,
976,SPRING 4,976,-95.47,30.06,Coast,Spring,3,1,115,0,,,121.15,34.33,,
977,SOUTH HOUSTON,977,-95.23,29.66,Coast,East Houston,4,1,115,0,,,49.7,14.08,,
978,HOUSTON 3,978,-95.64,29.73,Coast,Houston,5,3,115,8,0,0,149.7,42.41,,
979,SEADRIFT,979,-96.57,28.43,Coast,Victoria,2,1,115,0,,,6.63,1.88,,
980,HOUSTON 34,980,-95.37,29.8,Coast,Houston,4,1,115,0,,,164.66,46.65,,
981,SUGAR LAND 2,981,-95.64,29.57,Coast,Houston,16,3,500,0,,,223.54,63.34,,
982,CONROE 7,982,-95.51,30.32,Coast,Spring,2,1,115,0,,,63.94,18.12,,
983,LOLITA,983,-96.52,28.83,Coast,Victoria,3,1,115,0,,,5.15,1.46,,
984,LAPORTE,984,-95.06,29.73,Coast,East Houston,9,13,500,1459.2,1455.16,-161.99,72.75,20.61,,
985,NEW CANEY,985,-95.19,30.16,Coast,Spring,4,1,115,0,,,59.96,16.99,,
986,HOUSTON 14,986,-95.25,29.69,Coast,East Houston,14,1,115,0,,,97.68,27.68,,
987,HOUSTON 2,987,-95.24,29.95,Coast,East Houston,4,2,115,10.2,10.17,-1.13,143.78,40.74,0,333.36
988,HOUSTON 78,988,-95.55,29.65,Coast,Houston,9,1,115,0,,,47.29,13.4,,
989,HOUSTON 40,989,-95.39,29.89,Coast,Houston,6,1,115,0,,,59.46,16.85,,
990,BLOOMINGTON,990,-96.79,28.7,Coast,Victoria,2,1,115,0,,,12.25,3.47,,
991,WILLIS 2,991,-95.36,30.47,Coast,Spring,5,2,230,0,,,44.05,12.48,0,175.62
992,HOUSTON 51,992,-95.43,29.73,Coast,Houston,4,1,115,0,,,3.59,1.02,,
993,PALACIOS,993,-96.19,28.62,Coast,Bay City,2,1,115,0,,,26.21,7.42,,
994,CONROE 4,994,-95.42,30.19,Coast,Spring,4,1,115,0,,,58.6,16.6,,
995,HOUSTON 52,995,-95.43,29.69,Coast,Houston,2,1,115,0,,,78.41,22.22,,
996,SPRING 2,996,-95.38,30.06,Coast,Spring,10,2,230,0,,,163.83,46.42,,
997,KINGWOOD 1,997,-95.16,30.05,Coast,East Houston,4,1,115,0,,,78.37,22.2,,
998,HOUSTON 5,998,-95.53,29.94,Coast,Houston,9,12,500,1189.91,1170.48,501.71,137.54,38.97,,
999,TEXAS CITY 1,999,-94.92,29.39,Coast,Galveston,5,2,230,0,,,91.12,25.82,,
1000,KINGWOOD 2,1000,-95.22,30.05,Coast,East Houston,3,1,115,0,,,112.54,31.89,,
1001,HOUSTON 8,1001,-95.13,29.57,Coast,East Houston,4,1,115,0,,,124.67,35.32,,
1002,SPRING 7,1002,-95.53,30.04,Coast,Spring,11,3,500,0,,,211.63,59.96,,
1003,HOUSTON 41,1003,-95.39,29.93,Coast,Houston,4,1,115,0,,,122.49,34.71,,
1004,FRESNO,1004,-95.47,29.54,Coast,Houston,3,1,115,0,,,58.29,16.52,,
1005,HOUSTON 48,1005,-95.42,29.8,Coast,Houston,8,1,115,0,,,91.45,25.91,,
1006,HOUSTON 58,1006,-95.45,29.88,Coast,Houston,3,1,115,0,,,148.98,42.21,,
1007,PATTISON,1007,-96.01,29.79,Coast,Houston,2,1,115,0,,,2.07,0.59,,
1008,HOUSTON 77,1008,-95.53,29.7,Coast,Houston,4,1,115,0,,,215.91,61.17,0,479.84
1009,MISSOURI CITY 2,1009,-95.56,29.47,Coast,Houston,7,2,230,0,,,168.93,47.86,,
1010,HOUSTON 4,1010,-95.4,29.72,Coast,Houston,17,12,500,1026.2,1018.37,288.21,76.58,21.7,,
1011,TOMBALL 2,1011,-95.68,30.06,Coast,Spring,3,1,115,0,,,86.12,24.4,0,244.65
1012,CYPRESS 1,1012,-95.67,30,Coast,Spring,10,3,500,0,,,216.79,61.42,,
1013,HEMPSTEAD,1013,-96.07,30.1,Coast,Spring,2,1,115,0,,,35.93,10.18,,
1014,WEST COLUMBIA,1014,-95.68,29.16,Coast,Bay City,4,1,115,0,,,20.55,5.82,,
1015,BAYTOWN 1,1015,-94.91,29.67,Coast,East Houston,8,9,500,2069.5,2059.78,270.3,,,,
1016,SANTA FE 1,1016,-95.03,29.3,Coast,Galveston,3,1,115,0,,,68.5,19.41,,
1017,HOUSTON 27,1017,-95.34,29.67,Coast,Houston,4,1,115,0,,,83.89,23.77,,
1018,SPRING 5,1018,-95.5,30.18,Coast,Spring,4,1,115,0,,,104.88,29.72,,
1019,HOUSTON 46,1019,-95.41,29.77,Coast,Houston,4,1,115,0,,,92.56,26.23,,
1020,HOUSTON 23,1020,-95.31,29.77,Coast,East Houston,3,1,115,0,,,76.39,21.64,,
1021,MONTGOMERY,1021,-95.69,30.31,Coast,Spring,2,1,115,0,,,48.11,13.63,,
1022,HUNGERFORD,1022,-96.09,29.42,Coast,Bay City,4,1,115,0,,,1.25,0.36,,
1023,HOUSTON 84,1023,-95.59,29.67,Coast,Houston,4,1,115,0,,,141.27,40.03,,
1024,HOUSTON 83,1024,-95.58,29.7,Coast,Houston,9,1,115,0,,,169.58,48.05,,
1025,HOUSTON 24,1025,-95.32,29.72,Coast,Houston,5,1,115,0,,,86.99,24.65,,
1026,HOUSTON 76,1026,-95.53,29.99,Coast,Spring,4,1,115,0,,,49.62,14.06,,
1027,HOUSTON 43,1027,-95.4,29.71,Coast,Houston,3,1,115,0,,,30.77,8.72,,
1028,HOUSTON 81,1028,-95.58,29.86,Coast,Houston,4,1,115,0,,,111.44,31.57,,
1029,HOUSTON 35,1029,-95.38,29.66,Coast,Houston,5,1,115,0,,,45.25,12.82,,
1030,HOUSTON 90,1030,-95.66,29.83,Coast,Houston,8,3,500,0,,,285.41,80.87,,
1031,BEASLEY,1031,-95.97,29.46,Coast,Bay City,2,1,115,0,,,7.37,2.09,,
1032,HOUSTON 7,1032,-95.12,29.61,Coast,East Houston,8,1,115,0,,,50.85,14.41,,
1033,LA MARQUE,1033,-94.98,29.36,Coast,Galveston,3,1,115,0,,,42.92,12.16,,
1034,WALLER,1034,-95.93,30.08,Coast,Spring,2,1,115,0,,,33.2,9.41,,
1035,PORTER,1035,-95.3,30.11,Coast,Spring,3,1,115,0,,,77.31,21.9,,
1036,CYPRESS 2,1036,-95.75,29.93,Coast,Houston,3,1,115,0,,,151.62,42.96,0,234.49
1037,HOUSTON 30,1037,-95.35,29.99,Coast,Spring,3,1,115,0,,,38.27,10.84,0,262.21
1038,FULSHEAR,1038,-95.96,29.59,Coast,Bay City,4,1,115,0,,,15.09,4.28,,
1039,LIBERTY,1039,-94.73,30.08,Coast,East Houston,3,1,115,0,,,47.85,13.56,0,92.56
1040,WINNIE,1040,-94.6,29.87,Coast,East Houston,2,1,115,0,,,42.4,12.01,,
1041,HOUSTON 63,1041,-95.48,29.65,Coast,Houston,2,1,115,0,,,107.69,30.51,,
1042,HOUSTON 70,1042,-95.51,29.77,Coast,Houston,3,1,115,0,,,104.32,29.56,,
1043,HOUSTON 55,1043,-95.44,29.92,Coast,Houston,6,1,115,0,,,80.14,22.71,,
1044,CROSBY,1044,-95.06,29.93,Coast,East Houston,4,1,115,0,,,78.71,22.3,,
1045,MANVEL,1045,-95.36,29.48,Coast,Houston,4,1,115,0,,,38.02,10.77,,
1046,HOUSTON 54,1046,-95.44,30.01,Coast,Spring,4,1,115,0,,,98.79,27.99,,
1047,HOUSTON 89,1047,-95.65,29.91,Coast,Houston,5,1,115,0,,,199.51,56.53,,
1048,DAMON,1048,-95.67,29.26,Coast,Bay City,3,1,115,0,,,9.2,2.61,,
1049,HOUSTON 74,1049,-95.52,29.74,Coast,Houston,5,1,115,0,,,220.52,62.48,,
1050,HOUSTON 26,1050,-95.33,29.8,Coast,Houston,6,1,115,0,,,71.82,20.35,,
1051,HOUSTON 32,1051,-95.36,29.75,Coast,Houston,6,1,115,0,,,32.62,9.24,,
1052,HOCKLEY,1052,-95.83,30.05,Coast,Spring,4,1,115,0,,,35.62,10.09,,
1053,ANGLETON,1053,-95.45,29.17,Coast,Galveston,7,2,230,0,,,90.93,25.76,,
1054,CONROE 3,1054,-95.38,30.38,Coast,Spring,2,1,115,0,,,50.13,14.2,,
1055,HOUSTON 39,1055,-95.39,29.74,Coast,Houston,17,1,115,0,,,58.99,16.71,,
1056,HOUSTON 59,1056,-95.46,29.58,Coast,Houston,3,1,115,0,,,86.86,24.61,,
1057,PEARLAND 1,1057,-95.28,29.56,Coast,East Houston,6,1,115,0,,,127.15,36.03,,
1058,HOUSTON 56,1058,-95.45,29.74,Coast,Houston,5,1,115,0,,,42.99,12.18,,
1059,HOUSTON 13,1059,-95.23,29.59,Coast,East Houston,6,1,115,0,,,146.05,41.38,,
1060,CHANNELVIEW 2,1060,-95.05,29.83,Coast,East Houston,5,1,115,0,,,124.64,35.31,,
1061,BAY CITY,1061,-95.84,28.79,Coast,Bay City,3,2,230,0,,,72.03,20.41,0,75.08
1062,PASADENA 3,1062,-95.05,29.62,Coast,East Houston,9,8,500,757.8,755.7,-84.11,62.91,17.82,,
1063,BROOKSHIRE,1063,-95.98,29.85,Coast,Houston,2,1,115,0,,,28.45,8.06,,
1064,HOUSTON 25,1064,-95.32,29.62,Coast,Houston,5,1,115,0,,,45.88,13,,
1065,TEXAS CITY 2,1065,-95,29.4,Coast,Galveston,5,1,115,0,,,39.39,11.16,0,228.96
1066,VICTORIA 3,1066,-97.2,28.68,Coast,Victoria,8,2,230,0,,,42.31,11.99,,
1067,HOUSTON 36,1067,-95.38,29.83,Coast,Houston,6,1,115,0,,,88.67,25.12,0,470.32
1068,GANADO,1068,-96.49,29.02,Coast,Victoria,2,1,115,0,,,15.99,4.53,0,40.07
1069,MONT BELVIEU,1069,-94.92,29.82,Coast,East Houston,5,4,230,40.7,0,0,148.52,42.08,,
1070,BAYTOWN 3,1070,-95,29.75,Coast,East Houston,5,8,230,177.3,127.33,0,109.47,31.02,,
1071,SPRING 6,1071,-95.52,30.12,Coast,Spring,2,1,115,0,,,63.77,18.07,,
1072,HUMBLE 2,1072,-95.29,30.02,Coast,Spring,3,1,115,0,,,101.91,28.88,,
1073,HOUSTON 69,1073,-95.5,29.96,Coast,Spring,8,1,115,0,,,94.1,26.66,,
1074,SANTA FE 2,1074,-95.13,29.36,Coast,Galveston,2,1,115,0,,,15.94,4.52,,
1075,PORT BOLIVAR,1075,-94.52,29.51,Coast,East Houston,3,1,115,0,,,7.25,2.05,0,31.67
1076,HOUSTON 42,1076,-95.4,30,Coast,Spring,5,1,115,0,,,104.37,29.57,,
1077,HOUSTON 85,1077,-95.6,29.78,Coast,Houston,2,1,115,0,,,93.84,26.59,,
1078,HOUSTON 50,1078,-95.43,29.64,Coast,Houston,4,1,115,0,,,93.77,26.57,,
1079,HOUSTON 62,1079,-95.47,29.83,Coast,Houston,5,1,115,0,,,101.23,28.68,,
1080,EAGLE LAKE,1080,-96.38,29.4,Coast,Bay City,2,1,115,0,,,18.4,5.21,,
1081,CONROE 2,1081,-95.34,30.22,Coast,Spring,3,1,115,0,,,54.35,15.4,0,206.05
1082,WEBSTER,1082,-95.14,29.54,Coast,East Houston,2,1,115,0,,,69.18,19.6,,
1083,SWEENY,1083,-95.73,28.93,Coast,Bay City,2,1,115,0,,,24.43,6.92,,
1084,BLESSING,1084,-96.35,28.86,Coast,Bay City,2,1,115,0,,,6.49,1.84,,
1085,WHARTON 1,1085,-96.07,29.29,Coast,Bay City,8,8,500,580.09,482.07,244.27,7.69,2.18,,
1086,LAKE JACKSON,1086,-95.48,29.05,Coast,Galveston,6,2,230,0,,,86.22,24.43,,
1087,BELLVILLE,1087,-96.25,29.99,Coast,Spring,2,1,115,0,,,28.76,8.15,,
1088,KATY 4,1088,-95.83,29.85,Coast,Houston,6,1,115,0,,,69.31,19.64,,
1089,HOUSTON 38,1089,-95.39,29.61,Coast,Houston,5,1,115,0,,,63.23,17.92,,
1090,FRIENDSWOOD,1090,-95.19,29.52,Coast,East Houston,7,1,115,0,,,142.91,40.49,,
1091,HOUSTON 17,1091,-95.27,29.62,Coast,East Houston,3,1,115,0,,,112.16,31.78,,
1092,HOUSTON 66,1092,-95.49,30.01,Coast,Spring,4,1,115,0,,,30.19,8.55,,
1093,FREEPORT 1,1093,-95.34,28.98,Coast,Galveston,3,7,500,497.92,151.3,-55.28,,,,
1094,NEWGULF,1094,-95.9,29.26,Coast,Bay City,3,3,230,101.9,30.97,38.19,,,,
1095,HOUSTON 60,1095,-95.46,29.7,Coast,Houston,5,1,115,0,,,196.05,55.55,,
1096,PASADENA 1,1096,-95.21,29.72,Coast,East Houston,14,5,500,458.2,137.82,140.29,29.21,8.27,,
1097,STAFFORD,1097,-95.57,29.62,Coast,Houston,12,1,115,0,,,107.69,30.51,,
1098,EDNA,1098,-96.69,29.04,Coast,Victoria,3,1,115,0,,,24.56,6.96,,
1099,HOUSTON 21,1099,-95.3,29.69,Coast,East Houston,4,1,115,0,,,109.2,30.94,,
1100,NEEDVILLE,1100,-95.81,29.38,Coast,Bay City,2,1,115,0,,,32.04,9.08,,
1101,SEALY,1101,-96.11,29.8,Coast,Houston,3,1,115,0,,,38.64,10.95,,
1102,KATY 3,1102,-95.83,29.74,Coast,Houston,6,3,500,0,,,184.8,52.36,,
1103,HOUSTON 37,1103,-95.38,29.86,Coast,Houston,4,1,115,0,,,101.41,28.73,,
1104,HOUSTON 19,1104,-95.28,29.65,Coast,East Houston,9,1,115,0,,,73.37,20.79,,
1105,THOMPSONS,1105,-95.63,29.48,Coast,Houston,9,16,500,4786.72,4412.29,907.06,,,,
1106,HOUSTON 61,1106,-95.47,29.75,Coast,Houston,5,1,115,0,,,56.02,15.87,,
1107,GALVESTON 3,1107,-94.92,29.25,Coast,Galveston,2,1,115,0,,,26.59,7.53,,
1108,EAST BERNARD,1108,-96.22,29.52,Coast,Bay City,2,1,115,0,,,14.27,4.04,,
1109,HOUSTON 20,1109,-95.3,29.86,Coast,East Houston,9,1,115,0,,,80.97,22.94,,
1110,CHANNELVIEW 1,1110,-95.11,29.82,Coast,East Houston,12,14,500,1561.92,1557.59,423.64,,,,
1111,FREEPORT 3,1111,-95.28,29.02,Coast,Galveston,2,1,115,0,,,52.24,14.8,,
1112,HOUSTON 15,1112,-95.25,29.85,Coast,East Houston,3,1,115,0,,,94.75,26.85,,
1113,HOUSTON 31,1113,-95.36,29.7,Coast,Houston,5,1,115,0,,,78.13,22.14,,
1114,ROSHARON,1114,-95.47,29.38,Coast,Galveston,4,1,115,0,,,85.59,24.25,,
1115,HOUSTON 44,1115,-95.4,29.68,Coast,Houston,3,1,115,0,,,66.87,18.95,,
1116,HOUSTON 75,1116,-95.53,29.87,Coast,Houston,4,1,115,0,,,135.24,38.32,,
1117,HOUSTON 71,1117,-95.52,29.69,Coast,Houston,6,1,115,0,,,111.8,31.68,,
1118,HUMBLE 1,1118,-95.18,29.99,Coast,East Houston,4,1,115,0,,,160.73,45.54,,
1119,HOUSTON 68,1119,-95.49,29.8,Coast,Houston,4,1,115,0,,,125.97,35.69,,
1120,WILLIS 1,1120,-95.52,30.44,Coast,Spring,6,3,500,542.8,541.3,276.29,42.84,12.14,,
1121,BAYTOWN 4,1121,-94.87,29.87,Coast,East Houston,3,1,115,0,,,52.03,14.74,,
1122,VAN VLECK,1122,-95.94,29.13,Coast,Bay City,2,1,115,0,,,7.31,2.07,,
1123,HUFFMAN,1123,-95.1,30.06,Coast,East Houston,4,1,115,0,,,37.41,10.6,,
1124,HOUSTON 53,1124,-95.44,29.85,Coast,Houston,5,1,115,0,,,70.42,19.95,,
1125,HOUSTON 91,1125,-95.68,29.77,Coast,Houston,6,1,115,0,,,25.49,7.22,,
1126,ROSENBERG,1126,-95.86,29.55,Coast,Houston,2,1,115,0,,,105.72,29.95,0,103.27
1127,PASADENA 5,1127,-95.19,29.65,Coast,East Houston,5,1,115,0,,,73.59,20.85,,
1128,HOUSTON 45,1128,-95.41,29.75,Coast,Houston,10,1,115,0,,,56.83,16.1,,
1129,HOUSTON 6,1129,-95.22,29.82,Coast,East Houston,8,3,500,878.4,875.97,-97.49,,,,
1130,PASADENA 4,1130,-95.14,29.65,Coast,East Houston,8,1,115,0,,,69.67,19.74,,
1131,HOUSTON 57,1131,-95.45,29.95,Coast,Spring,6,1,115,0,,,177.73,50.36,,
1132,GALVESTON 2,1132,-94.83,29.28,Coast,Galveston,3,1,115,0,,,53.26,15.09,,
1133,POINT COMFORT 1,1133,-96.56,28.65,Coast,Victoria,6,3,500,373.1,372.07,189.91,53.66,15.2,,
1134,KATY 2,1134,-95.74,29.75,Coast,Houston,13,2,230,0,,,215.67,61.11,,
1135,SPRING 3,1135,-95.47,30.14,Coast,Spring,4,1,115,0,,,69.41,19.67,,
1136,DANBURY,1136,-95.31,29.23,Coast,Galveston,4,1,115,0,,,8.59,2.43,,
1137,WHARTON 2,1137,-96.19,29.35,Coast,Bay City,6,1,115,0,,,42.91,12.16,,
1138,VICTORIA 1,1138,-96.96,28.68,Coast,Victoria,5,3,500,102.4,102.12,52.12,,,,
1139,HOUSTON 64,1139,-95.48,29.68,Coast,Houston,6,1,115,0,,,97.88,27.73,,
1140,HOUSTON 65,1140,-95.49,29.62,Coast,Houston,5,1,115,0,,,48.22,13.66,,
1141,LA PORTE,1141,-95.04,29.69,Coast,East Houston,7,1,115,176.4,175.91,-6.01,107,30.32,,
1142,MAGNOLIA 1,1142,-95.65,30.22,Coast,Spring,7,2,230,0,,,90.64,25.68,,
1143,ALVIN,1143,-95.19,29.43,Coast,Galveston,10,3,500,1508.9,458.56,452.1,139.88,39.63,,
1144,HOUSTON 86,1144,-95.6,29.93,Coast,Houston,3,1,115,0,,,105.98,30.03,,
1145,BRAZORIA,1145,-95.56,28.96,Coast,Galveston,2,1,115,0,,,41.8,11.84,,
1146,HOUSTON 87,1146,-95.62,29.75,Coast,Houston,4,1,115,0,,,156.45,44.33,,
1147,FREEPORT 2,1147,-95.41,28.99,Coast,Galveston,5,3,500,1030.82,288.68,216.42,46.92,13.29,,
1148,CONROE 6,1148,-95.5,30.23,Coast,Spring,4,1,115,0,,,35.57,10.08,,
1149,MADISONVILLE,1149,-95.91,30.95,Coast,Spring,3,1,115,0,,,22.94,6.5,,
1150,NORMANGEE,1150,-96.14,31.13,East,Aggieland,2,1,115,0,,,10.82,3.07,,
1151,ARP,1151,-95.08,32.27,East,Tyler,2,1,115,0,,,11.81,3.35,,
1152,CENTERVILLE,1152,-95.93,31.14,East,Aggieland,2,1,115,0,,,11.99,3.4,0,40.28
1153,LUFKIN 3,1153,-94.83,31.34,East,Tyler,5,2,230,0,,,102.01,28.9,0,148.75
1154,FLINT,1154,-95.41,32.22,East,Tyler,2,1,115,0,,,37.4,10.6,0,74.89
1155,BULLARD,1155,-95.35,32.11,East,Tyler,2,1,115,0,,,30.07,8.52,,
1156,CHANDLER,1156,-95.52,32.27,East,Tyler,2,1,115,0,,,39.22,11.11,,
1157,PLANTERSVILLE,1157,-95.85,30.32,East,Aggieland,2,1,115,0,,,9.81,2.78,,
1158,MARQUEZ,1158,-96.23,31.24,East,Aggieland,3,1,115,0,,,5.39,1.53,,
1159,TENNESSEE COLONY,1159,-95.98,31.93,East,Aggieland,3,1,115,0,,,27.25,7.72,,
1160,ANDERSON,1160,-96.01,30.53,East,Aggieland,2,1,115,0,,,7.6,2.15,,
1161,MINEOLA,1161,-95.42,32.82,East,Tyler,3,1,115,0,,,60.03,17.01,0,50.56
1162,LOVELADY,1162,-95.5,31.09,East,Aggieland,2,1,115,0,,,15.15,4.29,,
1163,HUNTINGTON,1163,-94.51,31.23,East,Tyler,2,1,115,0,,,23.93,6.78,,
1164,BRYAN 4,1164,-96.32,30.66,East,Aggieland,2,1,115,0,,,69.86,19.79,0,58.32
1165,FRANKSTON,1165,-95.42,32.04,East,Tyler,2,1,115,0,,,18.44,5.22,,
1166,TYLER 4,1166,-95.3,32.32,East,Tyler,6,2,230,0,,,103.12,29.22,0,188.76
1167,BEN WHEELER,1167,-95.66,32.43,East,Tyler,4,1,115,0,,,17.35,4.92,,
1168,GARRISON,1168,-94.52,31.82,East,Tyler,3,1,115,0,,,10.73,3.04,,
1169,ETOILE,1169,-94.37,31.47,East,Tyler,2,1,115,0,,,6.89,1.95,0,17.55
1170,LUFKIN 1,1170,-94.74,31.37,East,Tyler,4,2,115,44,33,0,,,,
1171,PALESTINE 1,1171,-95.48,31.86,East,Tyler,3,1,115,0,,,50.76,14.38,0,53.96
1172,LINDALE,1172,-95.44,32.54,East,Tyler,2,1,115,0,,,55.08,15.61,,
1173,WHITEHOUSE,1173,-95.22,32.22,East,Tyler,2,1,115,0,,,39.38,11.16,,
1174,OVERTON,1174,-94.94,32.25,East,Tyler,2,1,115,0,,,24.06,6.82,,
1175,GRAND SALINE,1175,-95.69,32.65,East,Tyler,2,1,115,0,,,25.65,7.27,,
1176,SHIRO,1176,-95.92,30.59,East,Aggieland,5,7,500,939.72,0,0,77.96,22.09,,
1177,MIDWAY,1177,-95.72,30.96,East,Aggieland,2,1,115,0,,,11.29,3.2,,
1178,SULPHUR SPRINGS,1178,-95.61,33.17,East,Tyler,3,1,115,0,,,73.15,20.73,,
1179,VAN,1179,-95.64,32.54,East,Tyler,2,1,115,0,,,12.61,3.57,,
1180,MURCHISON,1180,-95.64,32.16,East,Tyler,4,1,115,0,,,18.09,5.13,,
1181,NACOGDOCHES 2,1181,-94.63,31.72,East,Tyler,2,1,115,0,,,52.77,14.95,0,51.99
1182,DIBOLL,1182,-94.76,31.19,East,Tyler,2,1,115,0,,,27.31,7.74,,
1183,FAIRFIELD 1,1183,-96.11,31.89,East,Aggieland,7,9,500,1036.02,516.57,49.55,,,,
1184,TYLER 8,1184,-95.39,32.3,East,Tyler,2,1,115,0,,,15.19,4.3,,
1185,ATHENS 1,1185,-95.81,32.24,East,Tyler,3,1,115,0,,,20.96,5.94,,
1186,BUFFALO,1186,-96.01,31.47,East,Aggieland,2,1,115,0,,,16.16,4.58,,
1187,RUSK,1187,-95.19,31.78,East,Tyler,3,1,115,0,,,33.79,9.57,,
1188,WINONA,1188,-95.11,32.48,East,Tyler,2,1,115,0,,,10.55,2.99,,
1189,FAIRFIELD 2,1189,-96.05,31.82,East,Aggieland,5,5,500,1186.8,0,0,,,,
1190,CUSHING 2,1190,-94.85,31.8,East,Tyler,2,1,115,0,,,10.19,2.89,,
1191,NACOGDOCHES 3,1191,-94.74,31.63,East,Tyler,3,1,115,0,,,69.38,19.66,,
1192,FAIRFIELD 3,1192,-96.09,31.78,East,Aggieland,2,1,115,0,,,21.23,6.01,,
1193,TRINIDAD 2,1193,-96.12,32.17,East,Aggieland,4,1,115,0,,,6.85,1.94,,
1194,DIKE,1194,-95.47,33.26,East,Tyler,3,1,115,0,,,3.23,0.92,,
1195,JEWETT 1,1195,-96.25,31.42,East,Aggieland,5,5,500,1849.8,922.34,-94.45,,,,
1196,PALESTINE 2,1196,-95.81,31.95,East,Tyler,2,1,115,0,,,70.08,19.86,,
1197,EMORY,1197,-95.75,32.88,East,Tyler,3,1,115,0,,,19.05,5.4,,
1198,MT. ENTERPRISE,1198,-94.62,32.02,East,Tyler,4,7,500,939.6,937,29.01,,,,
1199,TYLER 9,1199,-95.44,32.41,East,Tyler,3,1,115,0,,,26.05,7.38,,
1200,FRANKLIN,1200,-96.49,31.18,East,Aggieland,5,7,500,1795.4,895.21,139.83,21.25,6.02,,
1201,TYLER 3,1201,-95.21,32.42,East,Tyler,3,1,115,0,,,21.47,6.08,,
1202,ELKHART,1202,-95.58,31.61,East,Aggieland,2,1,115,0,,,15.21,4.31,,
1203,WORTHAM,1203,-96.43,31.89,East,Aggieland,2,1,115,0,,,11.87,3.36,0,37.11
1204,OAKWOOD,1204,-95.86,31.56,East,Aggieland,2,1,115,0,,,7.11,2.01,,
1205,COOKVILLE,1205,-94.86,33.24,East,Tyler,3,1,115,0,,,4.91,1.39,0,0
1206,COLLEGE STATION 1,1206,-96.27,30.56,East,Aggieland,4,2,230,0,,,146.81,41.6,,
1207,EDGEWOOD,1207,-95.85,32.72,East,Tyler,2,1,115,0,,,11.17,3.16,,
1208,CUSHING 1,1208,-94.9,31.83,East,Tyler,5,3,230,114,85.5,0,,,,
1209,TYLER 2,1209,-95.18,32.3,East,Tyler,4,1,115,0,,,41.13,11.65,,
1210,ALTO,1210,-95.06,31.61,East,Tyler,2,1,115,0,,,12.54,3.55,,
1211,CALVERT,1211,-96.69,31,East,Aggieland,3,1,115,0,,,4.76,1.35,,
1212,JEWETT 2,1212,-96.15,31.33,East,Aggieland,2,1,115,0,,,8.15,2.31,,
1213,NAVASOTA,1213,-96.05,30.37,East,Aggieland,3,1,115,0,,,46.53,13.18,,
1214,MOUNT PLEASANT 2,1214,-95.16,33.33,East,Tyler,3,2,230,0,,,99.89,28.3,,
1215,SCROGGINS,1215,-95.2,33.02,East,Tyler,2,1,115,0,,,9.21,2.61,0,31.65
1216,WILLS POINT,1216,-95.99,32.7,East,Tyler,3,1,115,0,,,43.93,12.45,,
1217,ATHENS 2,1217,-95.91,32.09,East,Tyler,3,1,115,0,,,51.76,14.67,,
1218,POINT,1218,-95.91,32.99,East,Tyler,2,1,115,0,,,20.41,5.78,0,41.32
1219,LUFKIN 2,1219,-94.64,31.3,East,Tyler,5,1,115,0,,,87.11,24.68,,
1220,JACKSONVILLE 1,1220,-94.99,31.94,East,Tyler,5,6,500,713.4,227.52,69.52,24.41,6.92,,
1221,CROCKETT,1221,-95.26,31.19,East,Aggieland,3,1,115,0,,,36.62,10.38,,
1222,HENDERSON 1,1222,-94.7,31.93,East,Tyler,4,1,115,0,,,48,13.6,,
1223,BRYAN 3,1223,-96.31,30.8,East,Aggieland,4,1,115,0,,,31.9,9.04,0,104.53
1224,JACKSONVILLE 2,1224,-95.26,31.95,East,Tyler,3,1,115,0,,,79.16,22.43,,
1225,BRYAN 5,1225,-96.55,30.74,East,Aggieland,2,1,115,0,,,29.41,8.33,,
1226,MALAKOFF,1226,-96.01,32.13,East,Tyler,2,1,115,0,,,17.53,4.97,,
1227,CUMBY,1227,-95.8,33.1,East,Tyler,3,1,115,0,,,20.2,5.72,,
1228,NACOGDOCHES 1,1228,-94.53,31.51,East,Tyler,2,1,115,0,,,45.16,12.8,0,30.93
1229,MOUNT PLEASANT 1,1229,-95.04,33.09,East,Tyler,6,6,500,1980,1974.51,-95.1,,,,
1230,TEAGUE,1230,-96.23,31.48,East,Aggieland,2,1,115,0,,,21.93,6.21,,
1231,TYLER 7,1231,-95.32,32.24,East,Tyler,6,2,230,0,,,111.5,31.59,,
1232,TYLER 6,1232,-95.32,32.36,East,Tyler,5,1,115,0,,,81.21,23.01,,
1233,YANTIS,1233,-95.57,32.93,East,Tyler,3,1,115,0,,,10.05,2.85,,
1234,POLLOK,1234,-95.13,31.39,East,Tyler,2,1,115,0,,,24.32,6.89,,
1235,TYLER 1,1235,-95.09,32.36,East,Tyler,3,1,115,0,,,6.5,1.84,0,62.35
1236,COLLEGE STATION 2,1236,-96.33,30.61,East,Aggieland,4,2,230,0,,,168.51,47.75,,
1237,HEARNE,1237,-96.53,30.87,East,Aggieland,2,1,115,0,,,20.94,5.93,,
1238,MOUNT VERNON,1238,-95.36,33.18,East,Tyler,2,1,115,0,,,22.36,6.34,,
1239,IOLA,1239,-96.1,30.73,East,Aggieland,2,1,115,0,,,22.94,6.5,,
1240,STREETMAN,1240,-96.33,31.77,East,Aggieland,3,1,115,0,,,6.04,1.71,,
1241,COMO,1241,-95.46,33.01,East,Tyler,2,1,115,0,,,6.16,1.74,,
1242,HENDERSON 2,1242,-94.73,32.24,East,Tyler,2,1,115,0,,,49.91,14.14,,
1243,TRINIDAD 1,1243,-96.1,32.12,East,Aggieland,7,3,230,243.3,0,0,,,,
1244,ZAVALLA,1244,-94.38,31.14,East,Tyler,2,1,115,0,,,8.51,2.41,,
1245,GRAPELAND,1245,-95.48,31.42,East,Aggieland,3,1,115,0,,,17.38,4.92,0,49.22
1246,BRYAN 2,1246,-96.37,30.65,East,Aggieland,3,1,115,22,0,0,46.35,13.13,,
1247,CANTON,1247,-95.89,32.52,East,Tyler,4,1,115,0,,,38.55,10.92,,
1248,TYLER 5,1248,-95.31,32.47,East,Tyler,3,1,115,0,,,26.31,7.46,,
1249,BREMOND,1249,-96.7,31.09,East,Aggieland,5,3,500,349.2,174.12,-21.3,,,,
1250,BRYAN 1,1250,-96.46,30.72,East,Aggieland,5,3,500,203.2,0,0,90.76,25.71,0,115.25
